Specimen Collection Date,Age Group,New Confirmed Cases,Cumulative Confirmed Cases,Last Updated at
12-03-20,51-60,2,6,11/27/2020 02:15:01 PM
13-03-20,51-60,3,9,11/27/2020 02:15:01 PM
14-03-20,51-60,1,10,11/27/2020 02:15:01 PM
15-03-20,51-60,0,10,11/27/2020 02:15:01 PM
16-03-20,51-60,8,18,11/27/2020 02:15:01 PM
17-03-20,51-60,3,21,11/27/2020 02:15:01 PM
18-03-20,51-60,4,25,11/27/2020 02:15:01 PM
19-03-20,51-60,3,28,11/27/2020 02:15:01 PM
20-03-20,51-60,4,32,11/27/2020 02:15:01 PM
21-03-20,51-60,7,39,11/27/2020 02:15:01 PM
22-03-20,51-60,5,44,11/27/2020 02:15:01 PM
23-03-20,51-60,7,51,11/27/2020 02:15:01 PM
24-03-20,51-60,6,57,11/27/2020 02:15:01 PM
25-03-20,51-60,5,62,11/27/2020 02:15:01 PM
26-03-20,51-60,9,71,11/27/2020 02:15:01 PM
27-03-20,51-60,4,75,11/27/2020 02:15:01 PM
28-03-20,51-60,6,81,11/27/2020 02:15:01 PM
29-03-20,51-60,0,81,11/27/2020 02:15:01 PM
30-03-20,51-60,6,87,11/27/2020 02:15:01 PM
31-03-20,51-60,9,96,11/27/2020 02:15:01 PM
01-04-20,51-60,5,101,11/27/2020 02:15:01 PM
02-04-20,51-60,3,104,11/27/2020 02:15:01 PM
03-04-20,51-60,5,109,11/27/2020 02:15:01 PM
04-04-20,51-60,2,111,11/27/2020 02:15:01 PM
05-04-20,51-60,4,115,11/27/2020 02:15:01 PM
06-04-20,51-60,6,121,11/27/2020 02:15:01 PM
07-04-20,51-60,5,126,11/27/2020 02:15:01 PM
08-04-20,51-60,14,140,11/27/2020 02:15:01 PM
09-04-20,51-60,16,156,11/27/2020 02:15:01 PM
10-04-20,51-60,7,163,11/27/2020 02:15:01 PM
11-04-20,51-60,3,166,11/27/2020 02:15:01 PM
12-04-20,51-60,5,171,11/27/2020 02:15:01 PM
13-04-20,51-60,4,175,11/27/2020 02:15:01 PM
14-04-20,51-60,9,184,11/27/2020 02:15:01 PM
15-04-20,51-60,3,187,11/27/2020 02:15:01 PM
16-04-20,51-60,5,192,11/27/2020 02:15:01 PM
17-04-20,51-60,6,198,11/27/2020 02:15:01 PM
18-04-20,51-60,1,199,11/27/2020 02:15:01 PM
19-04-20,51-60,9,208,11/27/2020 02:15:01 PM
20-04-20,51-60,9,217,11/27/2020 02:15:01 PM
21-04-20,51-60,5,222,11/27/2020 02:15:01 PM
22-04-20,51-60,4,226,11/27/2020 02:15:01 PM
23-04-20,51-60,5,231,11/27/2020 02:15:01 PM
24-04-20,51-60,7,238,11/27/2020 02:15:01 PM
25-04-20,51-60,5,243,11/27/2020 02:15:01 PM
26-04-20,51-60,5,248,11/27/2020 02:15:01 PM
27-04-20,51-60,3,251,11/27/2020 02:15:01 PM
28-04-20,51-60,9,260,11/27/2020 02:15:01 PM
29-04-20,51-60,6,266,11/27/2020 02:15:01 PM
30-04-20,51-60,4,270,11/27/2020 02:15:01 PM
01-05-20,51-60,5,275,11/27/2020 02:15:01 PM
02-05-20,51-60,2,277,11/27/2020 02:15:01 PM
03-05-20,51-60,3,280,11/27/2020 02:15:01 PM
04-05-20,51-60,0,280,11/27/2020 02:15:01 PM
05-05-20,51-60,6,286,11/27/2020 02:15:01 PM
06-05-20,51-60,8,294,11/27/2020 02:15:01 PM
07-05-20,51-60,5,299,11/27/2020 02:15:01 PM
08-05-20,51-60,1,300,11/27/2020 02:15:01 PM
09-05-20,51-60,1,301,11/27/2020 02:15:01 PM
10-05-20,51-60,0,301,11/27/2020 02:15:01 PM
11-05-20,51-60,7,308,11/27/2020 02:15:01 PM
12-05-20,51-60,9,317,11/27/2020 02:15:01 PM
13-05-20,51-60,5,322,11/27/2020 02:15:01 PM
14-05-20,51-60,3,325,11/27/2020 02:15:01 PM
15-05-20,51-60,1,326,11/27/2020 02:15:01 PM
16-05-20,51-60,1,327,11/27/2020 02:15:01 PM
17-05-20,51-60,0,327,11/27/2020 02:15:01 PM
18-05-20,51-60,5,332,11/27/2020 02:15:01 PM
19-05-20,51-60,2,334,11/27/2020 02:15:01 PM
20-05-20,51-60,3,337,11/27/2020 02:15:01 PM
21-05-20,51-60,3,340,11/27/2020 02:15:01 PM
22-05-20,51-60,3,343,11/27/2020 02:15:01 PM
23-05-20,51-60,2,345,11/27/2020 02:15:01 PM
24-05-20,51-60,1,346,11/27/2020 02:15:01 PM
25-05-20,51-60,1,347,11/27/2020 02:15:01 PM
26-05-20,51-60,5,352,11/27/2020 02:15:01 PM
27-05-20,51-60,3,355,11/27/2020 02:15:01 PM
28-05-20,51-60,2,357,11/27/2020 02:15:01 PM
29-05-20,51-60,2,359,11/27/2020 02:15:01 PM
30-05-20,51-60,0,359,11/27/2020 02:15:01 PM
31-05-20,51-60,1,360,11/27/2020 02:15:01 PM
01-06-20,51-60,2,362,11/27/2020 02:15:01 PM
02-06-20,51-60,5,367,11/27/2020 02:15:01 PM
03-06-20,51-60,2,369,11/27/2020 02:15:01 PM
04-06-20,51-60,8,377,11/27/2020 02:15:01 PM
05-06-20,51-60,2,379,11/27/2020 02:15:01 PM
06-06-20,51-60,1,380,11/27/2020 02:15:01 PM
07-06-20,51-60,0,380,11/27/2020 02:15:01 PM
08-06-20,51-60,2,382,11/27/2020 02:15:01 PM
09-06-20,51-60,5,387,11/27/2020 02:15:01 PM
10-06-20,51-60,1,388,11/27/2020 02:15:01 PM
11-06-20,51-60,3,391,11/27/2020 02:15:01 PM
12-06-20,51-60,1,392,11/27/2020 02:15:01 PM
13-06-20,51-60,1,393,11/27/2020 02:15:01 PM
14-06-20,51-60,1,394,11/27/2020 02:15:01 PM
15-06-20,51-60,2,396,11/27/2020 02:15:01 PM
16-06-20,51-60,1,397,11/27/2020 02:15:01 PM
17-06-20,51-60,2,399,11/27/2020 02:15:01 PM
18-06-20,51-60,5,404,11/27/2020 02:15:01 PM
19-06-20,51-60,2,406,11/27/2020 02:15:01 PM
20-06-20,51-60,4,410,11/27/2020 02:15:01 PM
21-06-20,51-60,1,411,11/27/2020 02:15:01 PM
22-06-20,51-60,17,428,11/27/2020 02:15:01 PM
23-06-20,51-60,5,433,11/27/2020 02:15:01 PM
24-06-20,51-60,2,435,11/27/2020 02:15:01 PM
25-06-20,51-60,10,445,11/27/2020 02:15:01 PM
26-06-20,51-60,6,451,11/27/2020 02:15:01 PM
27-06-20,51-60,4,455,11/27/2020 02:15:01 PM
28-06-20,51-60,7,462,11/27/2020 02:15:01 PM
29-06-20,51-60,4,466,11/27/2020 02:15:01 PM
30-06-20,51-60,6,472,11/27/2020 02:15:01 PM
01-07-20,51-60,9,481,11/27/2020 02:15:01 PM
02-07-20,51-60,10,491,11/27/2020 02:15:01 PM
03-07-20,51-60,5,496,11/27/2020 02:15:01 PM
04-07-20,51-60,9,505,11/27/2020 02:15:01 PM
05-07-20,51-60,5,510,11/27/2020 02:15:01 PM
06-07-20,51-60,14,524,11/27/2020 02:15:01 PM
07-07-20,51-60,12,536,11/27/2020 02:15:01 PM
08-07-20,51-60,11,547,11/27/2020 02:15:01 PM
09-07-20,51-60,16,563,11/27/2020 02:15:01 PM
10-07-20,51-60,13,576,11/27/2020 02:15:01 PM
11-07-20,51-60,2,578,11/27/2020 02:15:01 PM
12-07-20,51-60,8,586,11/27/2020 02:15:01 PM
13-07-20,51-60,8,594,11/27/2020 02:15:01 PM
14-07-20,51-60,12,606,11/27/2020 02:15:01 PM
15-07-20,51-60,14,620,11/27/2020 02:15:01 PM
16-07-20,51-60,18,638,11/27/2020 02:15:01 PM
17-07-20,51-60,15,653,11/27/2020 02:15:01 PM
18-07-20,51-60,9,662,11/27/2020 02:15:01 PM
19-07-20,51-60,13,675,11/27/2020 02:15:01 PM
20-07-20,51-60,18,693,11/27/2020 02:15:01 PM
21-07-20,51-60,11,704,11/27/2020 02:15:01 PM
22-07-20,51-60,16,720,11/27/2020 02:15:01 PM
23-07-20,51-60,7,727,11/27/2020 02:15:01 PM
24-07-20,51-60,20,747,11/27/2020 02:15:01 PM
25-07-20,51-60,8,755,11/27/2020 02:15:01 PM
26-07-20,51-60,6,761,11/27/2020 02:15:01 PM
27-07-20,51-60,8,769,11/27/2020 02:15:01 PM
28-07-20,51-60,17,786,11/27/2020 02:15:01 PM
29-07-20,51-60,17,803,11/27/2020 02:15:01 PM
30-07-20,51-60,19,822,11/27/2020 02:15:01 PM
31-07-20,51-60,15,837,11/27/2020 02:15:01 PM
01-08-20,51-60,4,841,11/27/2020 02:15:01 PM
02-08-20,51-60,2,843,11/27/2020 02:15:01 PM
03-08-20,51-60,11,854,11/27/2020 02:15:01 PM
04-08-20,51-60,7,861,11/27/2020 02:15:01 PM
05-08-20,51-60,16,877,11/27/2020 02:15:01 PM
06-08-20,51-60,12,889,11/27/2020 02:15:01 PM
07-08-20,51-60,13,902,11/27/2020 02:15:01 PM
08-08-20,51-60,4,906,11/27/2020 02:15:01 PM
09-08-20,51-60,8,914,11/27/2020 02:15:01 PM
10-08-20,51-60,14,928,11/27/2020 02:15:01 PM
11-08-20,51-60,13,941,11/27/2020 02:15:01 PM
12-08-20,51-60,15,956,11/27/2020 02:15:01 PM
13-08-20,51-60,9,965,11/27/2020 02:15:01 PM
14-08-20,51-60,11,976,11/27/2020 02:15:01 PM
15-08-20,51-60,8,984,11/27/2020 02:15:01 PM
16-08-20,51-60,7,991,11/27/2020 02:15:01 PM
17-08-20,51-60,8,999,11/27/2020 02:15:01 PM
18-08-20,51-60,10,1009,11/27/2020 02:15:01 PM
19-08-20,51-60,13,1022,11/27/2020 02:15:01 PM
20-08-20,51-60,9,1031,11/27/2020 02:15:01 PM
21-08-20,51-60,6,1037,11/27/2020 02:15:01 PM
22-08-20,51-60,5,1042,11/27/2020 02:15:01 PM
23-08-20,51-60,5,1047,11/27/2020 02:15:01 PM
24-08-20,51-60,10,1057,11/27/2020 02:15:01 PM
25-08-20,51-60,10,1067,11/27/2020 02:15:01 PM
26-08-20,51-60,9,1076,11/27/2020 02:15:01 PM
27-08-20,51-60,7,1083,11/27/2020 02:15:01 PM
28-08-20,51-60,5,1088,11/27/2020 02:15:01 PM
29-08-20,51-60,4,1092,11/27/2020 02:15:01 PM
30-08-20,51-60,3,1095,11/27/2020 02:15:01 PM
31-08-20,51-60,13,1108,11/27/2020 02:15:01 PM
01-09-20,51-60,12,1120,11/27/2020 02:15:01 PM
02-09-20,51-60,10,1130,11/27/2020 02:15:01 PM
03-09-20,51-60,4,1134,11/27/2020 02:15:01 PM
04-09-20,51-60,8,1142,11/27/2020 02:15:01 PM
05-09-20,51-60,4,1146,11/27/2020 02:15:01 PM
06-09-20,51-60,4,1150,11/27/2020 02:15:01 PM
07-09-20,51-60,3,1153,11/27/2020 02:15:01 PM
08-09-20,51-60,9,1162,11/27/2020 02:15:01 PM
09-09-20,51-60,3,1165,11/27/2020 02:15:01 PM
10-09-20,51-60,6,1171,11/27/2020 02:15:01 PM
11-09-20,51-60,16,1187,11/27/2020 02:15:01 PM
12-09-20,51-60,6,1193,11/27/2020 02:15:01 PM
13-09-20,51-60,6,1199,11/27/2020 02:15:01 PM
14-09-20,51-60,11,1210,11/27/2020 02:15:01 PM
15-09-20,51-60,10,1220,11/27/2020 02:15:01 PM
16-09-20,51-60,8,1228,11/27/2020 02:15:01 PM
17-09-20,51-60,8,1236,11/27/2020 02:15:01 PM
18-09-20,51-60,6,1242,11/27/2020 02:15:01 PM
19-09-20,51-60,5,1247,11/27/2020 02:15:01 PM
20-09-20,51-60,4,1251,11/27/2020 02:15:01 PM
21-09-20,51-60,12,1263,11/27/2020 02:15:01 PM
22-09-20,51-60,8,1271,11/27/2020 02:15:01 PM
23-09-20,51-60,6,1277,11/27/2020 02:15:01 PM
24-09-20,51-60,4,1281,11/27/2020 02:15:01 PM
25-09-20,51-60,5,1286,11/27/2020 02:15:01 PM
26-09-20,51-60,1,1287,11/27/2020 02:15:01 PM
27-09-20,51-60,6,1293,11/27/2020 02:15:01 PM
28-09-20,51-60,7,1300,11/27/2020 02:15:01 PM
29-09-20,51-60,4,1304,11/27/2020 02:15:01 PM
30-09-20,51-60,6,1310,11/27/2020 02:15:01 PM
01-10-20,51-60,3,1313,11/27/2020 02:15:01 PM
02-10-20,51-60,2,1315,11/27/2020 02:15:01 PM
03-10-20,51-60,2,1317,11/27/2020 02:15:01 PM
04-10-20,51-60,1,1318,11/27/2020 02:15:01 PM
05-10-20,51-60,3,1321,11/27/2020 02:15:01 PM
06-10-20,51-60,1,1322,11/27/2020 02:15:01 PM
07-10-20,51-60,1,1323,11/27/2020 02:15:01 PM
08-10-20,51-60,2,1325,11/27/2020 02:15:01 PM
09-10-20,51-60,1,1326,11/27/2020 02:15:01 PM
10-10-20,51-60,3,1329,11/27/2020 02:15:01 PM
11-10-20,51-60,2,1331,11/27/2020 02:15:01 PM
12-10-20,51-60,4,1335,11/27/2020 02:15:01 PM
13-10-20,51-60,6,1341,11/27/2020 02:15:01 PM
14-10-20,51-60,2,1343,11/27/2020 02:15:01 PM
15-10-20,51-60,6,1349,11/27/2020 02:15:01 PM
16-10-20,51-60,2,1351,11/27/2020 02:15:01 PM
17-10-20,51-60,3,1354,11/27/2020 02:15:01 PM
18-10-20,51-60,4,1358,11/27/2020 02:15:01 PM
19-10-20,51-60,7,1365,11/27/2020 02:15:01 PM
20-10-20,51-60,2,1367,11/27/2020 02:15:01 PM
21-10-20,51-60,0,1367,11/27/2020 02:15:01 PM
22-10-20,51-60,6,1373,11/27/2020 02:15:01 PM
23-10-20,51-60,7,1380,11/27/2020 02:15:01 PM
24-10-20,51-60,3,1383,11/27/2020 02:15:01 PM
25-10-20,51-60,6,1389,11/27/2020 02:15:01 PM
26-10-20,51-60,3,1392,11/27/2020 02:15:01 PM
27-10-20,51-60,8,1400,11/27/2020 02:15:01 PM
28-10-20,51-60,6,1406,11/27/2020 02:15:01 PM
29-10-20,51-60,1,1407,11/27/2020 02:15:01 PM
30-10-20,51-60,13,1420,11/27/2020 02:15:01 PM
31-10-20,51-60,11,1431,11/27/2020 02:15:01 PM
01-11-20,51-60,0,1431,11/27/2020 02:15:01 PM
02-11-20,51-60,11,1442,11/27/2020 02:15:01 PM
03-11-20,51-60,5,1447,11/27/2020 02:15:01 PM
04-11-20,51-60,6,1453,11/27/2020 02:15:01 PM
05-11-20,51-60,13,1466,11/27/2020 02:15:01 PM
06-11-20,51-60,14,1480,11/27/2020 02:15:01 PM
07-11-20,51-60,3,1483,11/27/2020 02:15:01 PM
08-11-20,51-60,3,1486,11/27/2020 02:15:01 PM
09-11-20,51-60,8,1494,11/27/2020 02:15:01 PM
10-11-20,51-60,9,1503,11/27/2020 02:15:01 PM
11-11-20,51-60,13,1516,11/27/2020 02:15:01 PM
12-11-20,51-60,14,1530,11/27/2020 02:15:01 PM
13-11-20,51-60,15,1545,11/27/2020 02:15:01 PM
14-11-20,51-60,6,1551,11/27/2020 02:15:01 PM
15-11-20,51-60,9,1560,11/27/2020 02:15:01 PM
16-11-20,51-60,19,1579,11/27/2020 02:15:01 PM
17-11-20,51-60,22,1601,11/27/2020 02:15:01 PM
18-11-20,51-60,16,1617,11/27/2020 02:15:01 PM
19-11-20,51-60,19,1636,11/27/2020 02:15:01 PM
20-11-20,51-60,13,1649,11/27/2020 02:15:01 PM
21-11-20,51-60,8,1657,11/27/2020 02:15:01 PM
22-11-20,51-60,8,1665,11/27/2020 02:15:01 PM
23-11-20,51-60,20,1685,11/27/2020 02:15:01 PM
24-11-20,51-60,18,1703,11/27/2020 02:15:01 PM
25-11-20,51-60,7,1710,11/27/2020 02:15:01 PM
26-11-20,51-60,0,1710,11/27/2020 02:15:01 PM
15-03-20,71-80,3,6,11/27/2020 02:15:01 PM
16-03-20,71-80,2,8,11/27/2020 02:15:01 PM
17-03-20,71-80,1,9,11/27/2020 02:15:01 PM
18-03-20,71-80,1,10,11/27/2020 02:15:01 PM
19-03-20,71-80,2,12,11/27/2020 02:15:01 PM
20-03-20,71-80,2,14,11/27/2020 02:15:01 PM
21-03-20,71-80,1,15,11/27/2020 02:15:01 PM
22-03-20,71-80,0,15,11/27/2020 02:15:01 PM
23-03-20,71-80,3,18,11/27/2020 02:15:01 PM
24-03-20,71-80,2,20,11/27/2020 02:15:01 PM
25-03-20,71-80,3,23,11/27/2020 02:15:01 PM
26-03-20,71-80,3,26,11/27/2020 02:15:01 PM
27-03-20,71-80,2,28,11/27/2020 02:15:01 PM
28-03-20,71-80,0,28,11/27/2020 02:15:01 PM
29-03-20,71-80,4,32,11/27/2020 02:15:01 PM
30-03-20,71-80,2,34,11/27/2020 02:15:01 PM
31-03-20,71-80,3,37,11/27/2020 02:15:01 PM
01-04-20,71-80,3,40,11/27/2020 02:15:01 PM
02-04-20,71-80,3,43,11/27/2020 02:15:01 PM
03-04-20,71-80,3,46,11/27/2020 02:15:01 PM
04-04-20,71-80,0,46,11/27/2020 02:15:01 PM
05-04-20,71-80,3,49,11/27/2020 02:15:01 PM
06-04-20,71-80,3,52,11/27/2020 02:15:01 PM
07-04-20,71-80,5,57,11/27/2020 02:15:01 PM
08-04-20,71-80,4,61,11/27/2020 02:15:01 PM
09-04-20,71-80,2,63,11/27/2020 02:15:01 PM
10-04-20,71-80,1,64,11/27/2020 02:15:01 PM
11-04-20,71-80,1,65,11/27/2020 02:15:01 PM
12-04-20,71-80,3,68,11/27/2020 02:15:01 PM
13-04-20,71-80,2,70,11/27/2020 02:15:01 PM
14-04-20,71-80,3,73,11/27/2020 02:15:01 PM
15-04-20,71-80,6,79,11/27/2020 02:15:01 PM
16-04-20,71-80,0,79,11/27/2020 02:15:01 PM
17-04-20,71-80,4,83,11/27/2020 02:15:01 PM
18-04-20,71-80,0,83,11/27/2020 02:15:01 PM
19-04-20,71-80,0,83,11/27/2020 02:15:01 PM
20-04-20,71-80,1,84,11/27/2020 02:15:01 PM
21-04-20,71-80,0,84,11/27/2020 02:15:01 PM
22-04-20,71-80,1,85,11/27/2020 02:15:01 PM
23-04-20,71-80,8,93,11/27/2020 02:15:01 PM
24-04-20,71-80,5,98,11/27/2020 02:15:01 PM
25-04-20,71-80,9,107,11/27/2020 02:15:01 PM
26-04-20,71-80,1,108,11/27/2020 02:15:01 PM
27-04-20,71-80,3,111,11/27/2020 02:15:01 PM
28-04-20,71-80,4,115,11/27/2020 02:15:01 PM
29-04-20,71-80,2,117,11/27/2020 02:15:01 PM
30-04-20,71-80,3,120,11/27/2020 02:15:01 PM
01-05-20,71-80,1,121,11/27/2020 02:15:01 PM
02-05-20,71-80,0,121,11/27/2020 02:15:01 PM
03-05-20,71-80,0,121,11/27/2020 02:15:01 PM
04-05-20,71-80,0,121,11/27/2020 02:15:01 PM
05-05-20,71-80,0,121,11/27/2020 02:15:01 PM
06-05-20,71-80,0,121,11/27/2020 02:15:01 PM
07-05-20,71-80,0,121,11/27/2020 02:15:01 PM
08-05-20,71-80,0,121,11/27/2020 02:15:01 PM
09-05-20,71-80,0,121,11/27/2020 02:15:01 PM
10-05-20,71-80,0,121,11/27/2020 02:15:01 PM
11-05-20,71-80,1,122,11/27/2020 02:15:01 PM
12-05-20,71-80,6,128,11/27/2020 02:15:01 PM
13-05-20,71-80,0,128,11/27/2020 02:15:01 PM
14-05-20,71-80,1,129,11/27/2020 02:15:01 PM
15-05-20,71-80,1,130,11/27/2020 02:15:01 PM
16-05-20,71-80,0,130,11/27/2020 02:15:01 PM
17-05-20,71-80,2,132,11/27/2020 02:15:01 PM
18-05-20,71-80,2,134,11/27/2020 02:15:01 PM
19-05-20,71-80,1,135,11/27/2020 02:15:01 PM
20-05-20,71-80,0,135,11/27/2020 02:15:01 PM
21-05-20,71-80,0,135,11/27/2020 02:15:01 PM
22-05-20,71-80,1,136,11/27/2020 02:15:01 PM
23-05-20,71-80,0,136,11/27/2020 02:15:01 PM
24-05-20,71-80,1,137,11/27/2020 02:15:01 PM
25-05-20,71-80,0,137,11/27/2020 02:15:01 PM
26-05-20,71-80,2,139,11/27/2020 02:15:01 PM
27-05-20,71-80,3,142,11/27/2020 02:15:01 PM
28-05-20,71-80,0,142,11/27/2020 02:15:01 PM
29-05-20,71-80,1,143,11/27/2020 02:15:01 PM
30-05-20,71-80,0,143,11/27/2020 02:15:01 PM
31-05-20,71-80,1,144,11/27/2020 02:15:01 PM
01-06-20,71-80,3,147,11/27/2020 02:15:01 PM
02-06-20,71-80,1,148,11/27/2020 02:15:01 PM
03-06-20,71-80,2,150,11/27/2020 02:15:01 PM
04-06-20,71-80,1,151,11/27/2020 02:15:01 PM
05-06-20,71-80,1,152,11/27/2020 02:15:01 PM
06-06-20,71-80,1,153,11/27/2020 02:15:01 PM
07-06-20,71-80,0,153,11/27/2020 02:15:01 PM
08-06-20,71-80,2,155,11/27/2020 02:15:01 PM
09-06-20,71-80,2,157,11/27/2020 02:15:01 PM
10-06-20,71-80,0,157,11/27/2020 02:15:01 PM
11-06-20,71-80,0,157,11/27/2020 02:15:01 PM
12-06-20,71-80,0,157,11/27/2020 02:15:01 PM
13-06-20,71-80,0,157,11/27/2020 02:15:01 PM
14-06-20,71-80,0,157,11/27/2020 02:15:01 PM
15-06-20,71-80,0,157,11/27/2020 02:15:01 PM
16-06-20,71-80,2,159,11/27/2020 02:15:01 PM
17-06-20,71-80,2,161,11/27/2020 02:15:01 PM
18-06-20,71-80,1,162,11/27/2020 02:15:01 PM
19-06-20,71-80,2,164,11/27/2020 02:15:01 PM
20-06-20,71-80,0,164,11/27/2020 02:15:01 PM
21-06-20,71-80,0,164,11/27/2020 02:15:01 PM
22-06-20,71-80,5,169,11/27/2020 02:15:01 PM
23-06-20,71-80,3,172,11/27/2020 02:15:01 PM
24-06-20,71-80,1,173,11/27/2020 02:15:01 PM
25-06-20,71-80,4,177,11/27/2020 02:15:01 PM
26-06-20,71-80,4,181,11/27/2020 02:15:01 PM
27-06-20,71-80,1,182,11/27/2020 02:15:01 PM
28-06-20,71-80,1,183,11/27/2020 02:15:01 PM
29-06-20,71-80,3,186,11/27/2020 02:15:01 PM
30-06-20,71-80,3,189,11/27/2020 02:15:01 PM
01-07-20,71-80,0,189,11/27/2020 02:15:01 PM
02-07-20,71-80,0,189,11/27/2020 02:15:01 PM
03-07-20,71-80,1,190,11/27/2020 02:15:01 PM
04-07-20,71-80,0,190,11/27/2020 02:15:01 PM
05-07-20,71-80,0,190,11/27/2020 02:15:01 PM
06-07-20,71-80,2,192,11/27/2020 02:15:01 PM
07-07-20,71-80,0,192,11/27/2020 02:15:01 PM
08-07-20,71-80,6,198,11/27/2020 02:15:01 PM
09-07-20,71-80,2,200,11/27/2020 02:15:01 PM
10-07-20,71-80,1,201,11/27/2020 02:15:01 PM
11-07-20,71-80,1,202,11/27/2020 02:15:01 PM
12-07-20,71-80,3,205,11/27/2020 02:15:01 PM
13-07-20,71-80,1,206,11/27/2020 02:15:01 PM
14-07-20,71-80,1,207,11/27/2020 02:15:01 PM
15-07-20,71-80,2,209,11/27/2020 02:15:01 PM
16-07-20,71-80,3,212,11/27/2020 02:15:01 PM
17-07-20,71-80,2,214,11/27/2020 02:15:01 PM
18-07-20,71-80,2,216,11/27/2020 02:15:01 PM
19-07-20,71-80,1,217,11/27/2020 02:15:01 PM
20-07-20,71-80,3,220,11/27/2020 02:15:01 PM
21-07-20,71-80,1,221,11/27/2020 02:15:01 PM
22-07-20,71-80,4,225,11/27/2020 02:15:01 PM
23-07-20,71-80,2,227,11/27/2020 02:15:01 PM
24-07-20,71-80,3,230,11/27/2020 02:15:01 PM
25-07-20,71-80,3,233,11/27/2020 02:15:01 PM
26-07-20,71-80,1,234,11/27/2020 02:15:01 PM
27-07-20,71-80,0,234,11/27/2020 02:15:01 PM
28-07-20,71-80,5,239,11/27/2020 02:15:01 PM
29-07-20,71-80,2,241,11/27/2020 02:15:01 PM
30-07-20,71-80,2,243,11/27/2020 02:15:01 PM
31-07-20,71-80,2,245,11/27/2020 02:15:01 PM
01-08-20,71-80,5,250,11/27/2020 02:15:01 PM
02-08-20,71-80,3,253,11/27/2020 02:15:01 PM
03-08-20,71-80,5,258,11/27/2020 02:15:01 PM
04-08-20,71-80,1,259,11/27/2020 02:15:01 PM
05-08-20,71-80,1,260,11/27/2020 02:15:01 PM
06-08-20,71-80,5,265,11/27/2020 02:15:01 PM
07-08-20,71-80,7,272,11/27/2020 02:15:01 PM
08-08-20,71-80,2,274,11/27/2020 02:15:01 PM
09-08-20,71-80,1,275,11/27/2020 02:15:01 PM
10-08-20,71-80,4,279,11/27/2020 02:15:01 PM
11-08-20,71-80,1,280,11/27/2020 02:15:01 PM
12-08-20,71-80,6,286,11/27/2020 02:15:01 PM
13-08-20,71-80,3,289,11/27/2020 02:15:01 PM
14-08-20,71-80,4,293,11/27/2020 02:15:01 PM
15-08-20,71-80,3,296,11/27/2020 02:15:01 PM
16-08-20,71-80,1,297,11/27/2020 02:15:01 PM
17-08-20,71-80,0,297,11/27/2020 02:15:01 PM
18-08-20,71-80,2,299,11/27/2020 02:15:01 PM
19-08-20,71-80,4,303,11/27/2020 02:15:01 PM
20-08-20,71-80,3,306,11/27/2020 02:15:01 PM
21-08-20,71-80,6,312,11/27/2020 02:15:01 PM
22-08-20,71-80,0,312,11/27/2020 02:15:01 PM
23-08-20,71-80,1,313,11/27/2020 02:15:01 PM
24-08-20,71-80,3,316,11/27/2020 02:15:01 PM
25-08-20,71-80,6,322,11/27/2020 02:15:01 PM
26-08-20,71-80,1,323,11/27/2020 02:15:01 PM
27-08-20,71-80,2,325,11/27/2020 02:15:01 PM
28-08-20,71-80,2,327,11/27/2020 02:15:01 PM
29-08-20,71-80,2,329,11/27/2020 02:15:01 PM
30-08-20,71-80,1,330,11/27/2020 02:15:01 PM
31-08-20,71-80,0,330,11/27/2020 02:15:01 PM
01-09-20,71-80,3,333,11/27/2020 02:15:01 PM
02-09-20,71-80,4,337,11/27/2020 02:15:01 PM
03-09-20,71-80,4,341,11/27/2020 02:15:01 PM
04-09-20,71-80,1,342,11/27/2020 02:15:01 PM
05-09-20,71-80,3,345,11/27/2020 02:15:01 PM
06-09-20,71-80,0,345,11/27/2020 02:15:01 PM
07-09-20,71-80,5,350,11/27/2020 02:15:01 PM
08-09-20,71-80,4,354,11/27/2020 02:15:01 PM
09-09-20,71-80,6,360,11/27/2020 02:15:01 PM
10-09-20,71-80,3,363,11/27/2020 02:15:01 PM
11-09-20,71-80,7,370,11/27/2020 02:15:01 PM
12-09-20,71-80,5,375,11/27/2020 02:15:01 PM
13-09-20,71-80,1,376,11/27/2020 02:15:01 PM
14-09-20,71-80,1,377,11/27/2020 02:15:01 PM
15-09-20,71-80,4,381,11/27/2020 02:15:01 PM
16-09-20,71-80,3,384,11/27/2020 02:15:01 PM
17-09-20,71-80,1,385,11/27/2020 02:15:01 PM
18-09-20,71-80,1,386,11/27/2020 02:15:01 PM
19-09-20,71-80,1,387,11/27/2020 02:15:01 PM
20-09-20,71-80,0,387,11/27/2020 02:15:01 PM
21-09-20,71-80,1,388,11/27/2020 02:15:01 PM
22-09-20,71-80,1,389,11/27/2020 02:15:01 PM
23-09-20,71-80,3,392,11/27/2020 02:15:01 PM
24-09-20,71-80,2,394,11/27/2020 02:15:01 PM
25-09-20,71-80,2,396,11/27/2020 02:15:01 PM
26-09-20,71-80,2,398,11/27/2020 02:15:01 PM
27-09-20,71-80,1,399,11/27/2020 02:15:01 PM
28-09-20,71-80,2,401,11/27/2020 02:15:01 PM
29-09-20,71-80,1,402,11/27/2020 02:15:01 PM
30-09-20,71-80,3,405,11/27/2020 02:15:01 PM
01-10-20,71-80,0,405,11/27/2020 02:15:01 PM
02-10-20,71-80,2,407,11/27/2020 02:15:01 PM
03-10-20,71-80,0,407,11/27/2020 02:15:01 PM
04-10-20,71-80,1,408,11/27/2020 02:15:01 PM
05-10-20,71-80,1,409,11/27/2020 02:15:01 PM
06-10-20,71-80,2,411,11/27/2020 02:15:01 PM
07-10-20,71-80,0,411,11/27/2020 02:15:01 PM
08-10-20,71-80,1,412,11/27/2020 02:15:01 PM
09-10-20,71-80,1,413,11/27/2020 02:15:01 PM
10-10-20,71-80,1,414,11/27/2020 02:15:01 PM
11-10-20,71-80,0,414,11/27/2020 02:15:01 PM
12-10-20,71-80,2,416,11/27/2020 02:15:01 PM
13-10-20,71-80,0,416,11/27/2020 02:15:01 PM
14-10-20,71-80,1,417,11/27/2020 02:15:01 PM
15-10-20,71-80,0,417,11/27/2020 02:15:01 PM
16-10-20,71-80,2,419,11/27/2020 02:15:01 PM
17-10-20,71-80,0,419,11/27/2020 02:15:01 PM
18-10-20,71-80,0,419,11/27/2020 02:15:01 PM
19-10-20,71-80,2,421,11/27/2020 02:15:01 PM
20-10-20,71-80,0,421,11/27/2020 02:15:01 PM
21-10-20,71-80,0,421,11/27/2020 02:15:01 PM
22-10-20,71-80,2,423,11/27/2020 02:15:01 PM
23-10-20,71-80,1,424,11/27/2020 02:15:01 PM
24-10-20,71-80,4,428,11/27/2020 02:15:01 PM
25-10-20,71-80,1,429,11/27/2020 02:15:01 PM
26-10-20,71-80,3,432,11/27/2020 02:15:01 PM
27-10-20,71-80,3,435,11/27/2020 02:15:01 PM
28-10-20,71-80,0,435,11/27/2020 02:15:01 PM
29-10-20,71-80,1,436,11/27/2020 02:15:01 PM
30-10-20,71-80,0,436,11/27/2020 02:15:01 PM
31-10-20,71-80,4,440,11/27/2020 02:15:01 PM
01-11-20,71-80,0,440,11/27/2020 02:15:01 PM
02-11-20,71-80,1,441,11/27/2020 02:15:01 PM
03-11-20,71-80,1,442,11/27/2020 02:15:01 PM
04-11-20,71-80,4,446,11/27/2020 02:15:01 PM
05-11-20,71-80,3,449,11/27/2020 02:15:01 PM
06-11-20,71-80,6,455,11/27/2020 02:15:01 PM
07-11-20,71-80,2,457,11/27/2020 02:15:01 PM
08-11-20,71-80,0,457,11/27/2020 02:15:01 PM
09-11-20,71-80,1,458,11/27/2020 02:15:01 PM
10-11-20,71-80,1,459,11/27/2020 02:15:01 PM
11-11-20,71-80,2,461,11/27/2020 02:15:01 PM
12-11-20,71-80,4,465,11/27/2020 02:15:01 PM
13-11-20,71-80,0,465,11/27/2020 02:15:01 PM
14-11-20,71-80,2,467,11/27/2020 02:15:01 PM
15-11-20,71-80,0,467,11/27/2020 02:15:01 PM
16-11-20,71-80,2,469,11/27/2020 02:15:01 PM
17-11-20,71-80,2,471,11/27/2020 02:15:01 PM
18-11-20,71-80,8,479,11/27/2020 02:15:01 PM
19-11-20,71-80,1,480,11/27/2020 02:15:01 PM
20-11-20,71-80,3,483,11/27/2020 02:15:01 PM
21-11-20,71-80,2,485,11/27/2020 02:15:01 PM
22-11-20,71-80,0,485,11/27/2020 02:15:01 PM
23-11-20,71-80,3,488,11/27/2020 02:15:01 PM
24-11-20,71-80,6,494,11/27/2020 02:15:01 PM
25-11-20,71-80,2,496,11/27/2020 02:15:01 PM
26-11-20,71-80,0,496,11/27/2020 02:15:01 PM
11-03-20,31-40,3,7,11/27/2020 02:15:01 PM
12-03-20,31-40,1,8,11/27/2020 02:15:01 PM
13-03-20,31-40,3,11,11/27/2020 02:15:01 PM
14-03-20,31-40,2,13,11/27/2020 02:15:01 PM
15-03-20,31-40,4,17,11/27/2020 02:15:01 PM
16-03-20,31-40,15,32,11/27/2020 02:15:01 PM
17-03-20,31-40,13,45,11/27/2020 02:15:01 PM
18-03-20,31-40,4,49,11/27/2020 02:15:01 PM
19-03-20,31-40,5,54,11/27/2020 02:15:01 PM
20-03-20,31-40,8,62,11/27/2020 02:15:01 PM
21-03-20,31-40,4,66,11/27/2020 02:15:01 PM
22-03-20,31-40,2,68,11/27/2020 02:15:01 PM
23-03-20,31-40,7,75,11/27/2020 02:15:01 PM
24-03-20,31-40,14,89,11/27/2020 02:15:01 PM
25-03-20,31-40,10,99,11/27/2020 02:15:01 PM
26-03-20,31-40,8,107,11/27/2020 02:15:01 PM
27-03-20,31-40,7,114,11/27/2020 02:15:01 PM
28-03-20,31-40,2,116,11/27/2020 02:15:01 PM
29-03-20,31-40,2,118,11/27/2020 02:15:01 PM
30-03-20,31-40,8,126,11/27/2020 02:15:01 PM
31-03-20,31-40,13,139,11/27/2020 02:15:01 PM
01-04-20,31-40,7,146,11/27/2020 02:15:01 PM
02-04-20,31-40,14,160,11/27/2020 02:15:01 PM
03-04-20,31-40,7,167,11/27/2020 02:15:01 PM
04-04-20,31-40,4,171,11/27/2020 02:15:01 PM
05-04-20,31-40,10,181,11/27/2020 02:15:01 PM
06-04-20,31-40,9,190,11/27/2020 02:15:01 PM
07-04-20,31-40,10,200,11/27/2020 02:15:01 PM
08-04-20,31-40,16,216,11/27/2020 02:15:01 PM
09-04-20,31-40,11,227,11/27/2020 02:15:01 PM
10-04-20,31-40,7,234,11/27/2020 02:15:01 PM
11-04-20,31-40,7,241,11/27/2020 02:15:01 PM
12-04-20,31-40,4,245,11/27/2020 02:15:01 PM
13-04-20,31-40,6,251,11/27/2020 02:15:01 PM
14-04-20,31-40,8,259,11/27/2020 02:15:01 PM
15-04-20,31-40,11,270,11/27/2020 02:15:01 PM
16-04-20,31-40,10,280,11/27/2020 02:15:01 PM
17-04-20,31-40,12,292,11/27/2020 02:15:01 PM
18-04-20,31-40,3,295,11/27/2020 02:15:01 PM
19-04-20,31-40,5,300,11/27/2020 02:15:01 PM
20-04-20,31-40,6,306,11/27/2020 02:15:01 PM
21-04-20,31-40,4,310,11/27/2020 02:15:01 PM
22-04-20,31-40,7,317,11/27/2020 02:15:01 PM
23-04-20,31-40,10,327,11/27/2020 02:15:01 PM
24-04-20,31-40,7,334,11/27/2020 02:15:01 PM
25-04-20,31-40,6,340,11/27/2020 02:15:01 PM
26-04-20,31-40,9,349,11/27/2020 02:15:01 PM
27-04-20,31-40,8,357,11/27/2020 02:15:01 PM
28-04-20,31-40,16,373,11/27/2020 02:15:01 PM
29-04-20,31-40,9,382,11/27/2020 02:15:01 PM
30-04-20,31-40,9,391,11/27/2020 02:15:01 PM
01-05-20,31-40,11,402,11/27/2020 02:15:01 PM
02-05-20,31-40,17,419,11/27/2020 02:15:01 PM
03-05-20,31-40,6,425,11/27/2020 02:15:01 PM
04-05-20,31-40,9,434,11/27/2020 02:15:01 PM
05-05-20,31-40,12,446,11/27/2020 02:15:01 PM
06-05-20,31-40,9,455,11/27/2020 02:15:01 PM
07-05-20,31-40,11,466,11/27/2020 02:15:01 PM
08-05-20,31-40,5,471,11/27/2020 02:15:01 PM
09-05-20,31-40,2,473,11/27/2020 02:15:01 PM
10-05-20,31-40,2,475,11/27/2020 02:15:01 PM
11-05-20,31-40,10,485,11/27/2020 02:15:01 PM
12-05-20,31-40,10,495,11/27/2020 02:15:01 PM
13-05-20,31-40,9,504,11/27/2020 02:15:01 PM
14-05-20,31-40,6,510,11/27/2020 02:15:01 PM
15-05-20,31-40,14,524,11/27/2020 02:15:01 PM
16-05-20,31-40,4,528,11/27/2020 02:15:01 PM
17-05-20,31-40,4,532,11/27/2020 02:15:01 PM
18-05-20,31-40,10,542,11/27/2020 02:15:01 PM
19-05-20,31-40,3,545,11/27/2020 02:15:01 PM
20-05-20,31-40,8,553,11/27/2020 02:15:01 PM
21-05-20,31-40,2,555,11/27/2020 02:15:01 PM
22-05-20,31-40,7,562,11/27/2020 02:15:01 PM
23-05-20,31-40,3,565,11/27/2020 02:15:01 PM
24-05-20,31-40,2,567,11/27/2020 02:15:01 PM
25-05-20,31-40,1,568,11/27/2020 02:15:01 PM
26-05-20,31-40,15,583,11/27/2020 02:15:01 PM
27-05-20,31-40,10,593,11/27/2020 02:15:01 PM
28-05-20,31-40,6,599,11/27/2020 02:15:01 PM
29-05-20,31-40,9,608,11/27/2020 02:15:01 PM
30-05-20,31-40,8,616,11/27/2020 02:15:01 PM
31-05-20,31-40,9,625,11/27/2020 02:15:01 PM
01-06-20,31-40,8,633,11/27/2020 02:15:01 PM
02-06-20,31-40,8,641,11/27/2020 02:15:01 PM
03-06-20,31-40,10,651,11/27/2020 02:15:01 PM
04-06-20,31-40,9,660,11/27/2020 02:15:01 PM
05-06-20,31-40,5,665,11/27/2020 02:15:01 PM
06-06-20,31-40,2,667,11/27/2020 02:15:01 PM
07-06-20,31-40,3,670,11/27/2020 02:15:01 PM
08-06-20,31-40,4,674,11/27/2020 02:15:01 PM
09-06-20,31-40,7,681,11/27/2020 02:15:01 PM
10-06-20,31-40,4,685,11/27/2020 02:15:01 PM
11-06-20,31-40,8,693,11/27/2020 02:15:01 PM
12-06-20,31-40,9,702,11/27/2020 02:15:01 PM
13-06-20,31-40,7,709,11/27/2020 02:15:01 PM
14-06-20,31-40,5,714,11/27/2020 02:15:01 PM
15-06-20,31-40,7,721,11/27/2020 02:15:01 PM
16-06-20,31-40,6,727,11/27/2020 02:15:01 PM
17-06-20,31-40,14,741,11/27/2020 02:15:01 PM
18-06-20,31-40,12,753,11/27/2020 02:15:01 PM
19-06-20,31-40,10,763,11/27/2020 02:15:01 PM
20-06-20,31-40,10,773,11/27/2020 02:15:01 PM
21-06-20,31-40,5,778,11/27/2020 02:15:01 PM
22-06-20,31-40,25,803,11/27/2020 02:15:01 PM
23-06-20,31-40,16,819,11/27/2020 02:15:01 PM
24-06-20,31-40,15,834,11/27/2020 02:15:01 PM
25-06-20,31-40,14,848,11/27/2020 02:15:01 PM
26-06-20,31-40,21,869,11/27/2020 02:15:01 PM
27-06-20,31-40,14,883,11/27/2020 02:15:01 PM
28-06-20,31-40,2,885,11/27/2020 02:15:01 PM
29-06-20,31-40,24,909,11/27/2020 02:15:01 PM
30-06-20,31-40,27,936,11/27/2020 02:15:01 PM
01-07-20,31-40,20,956,11/27/2020 02:15:01 PM
02-07-20,31-40,26,982,11/27/2020 02:15:01 PM
03-07-20,31-40,20,1002,11/27/2020 02:15:01 PM
04-07-20,31-40,7,1009,11/27/2020 02:15:01 PM
05-07-20,31-40,11,1020,11/27/2020 02:15:01 PM
06-07-20,31-40,18,1038,11/27/2020 02:15:01 PM
07-07-20,31-40,28,1066,11/27/2020 02:15:01 PM
08-07-20,31-40,33,1099,11/27/2020 02:15:01 PM
09-07-20,31-40,28,1127,11/27/2020 02:15:01 PM
10-07-20,31-40,29,1156,11/27/2020 02:15:01 PM
11-07-20,31-40,20,1176,11/27/2020 02:15:01 PM
12-07-20,31-40,16,1192,11/27/2020 02:15:01 PM
13-07-20,31-40,40,1232,11/27/2020 02:15:01 PM
14-07-20,31-40,47,1279,11/27/2020 02:15:01 PM
15-07-20,31-40,36,1315,11/27/2020 02:15:01 PM
16-07-20,31-40,31,1346,11/27/2020 02:15:01 PM
17-07-20,31-40,43,1389,11/27/2020 02:15:01 PM
18-07-20,31-40,22,1411,11/27/2020 02:15:01 PM
19-07-20,31-40,16,1427,11/27/2020 02:15:01 PM
20-07-20,31-40,35,1462,11/27/2020 02:15:01 PM
21-07-20,31-40,36,1498,11/27/2020 02:15:01 PM
22-07-20,31-40,29,1527,11/27/2020 02:15:01 PM
23-07-20,31-40,37,1564,11/27/2020 02:15:01 PM
24-07-20,31-40,26,1590,11/27/2020 02:15:01 PM
25-07-20,31-40,14,1604,11/27/2020 02:15:01 PM
26-07-20,31-40,18,1622,11/27/2020 02:15:01 PM
27-07-20,31-40,22,1644,11/27/2020 02:15:01 PM
28-07-20,31-40,21,1665,11/27/2020 02:15:01 PM
29-07-20,31-40,32,1697,11/27/2020 02:15:01 PM
30-07-20,31-40,28,1725,11/27/2020 02:15:01 PM
31-07-20,31-40,25,1750,11/27/2020 02:15:01 PM
01-08-20,31-40,14,1764,11/27/2020 02:15:01 PM
02-08-20,31-40,8,1772,11/27/2020 02:15:01 PM
03-08-20,31-40,24,1796,11/27/2020 02:15:01 PM
04-08-20,31-40,17,1813,11/27/2020 02:15:01 PM
05-08-20,31-40,30,1843,11/27/2020 02:15:01 PM
06-08-20,31-40,17,1860,11/27/2020 02:15:01 PM
07-08-20,31-40,27,1887,11/27/2020 02:15:01 PM
08-08-20,31-40,17,1904,11/27/2020 02:15:01 PM
09-08-20,31-40,18,1922,11/27/2020 02:15:01 PM
10-08-20,31-40,27,1949,11/27/2020 02:15:01 PM
11-08-20,31-40,19,1968,11/27/2020 02:15:01 PM
12-08-20,31-40,31,1999,11/27/2020 02:15:01 PM
13-08-20,31-40,22,2021,11/27/2020 02:15:01 PM
14-08-20,31-40,28,2049,11/27/2020 02:15:01 PM
15-08-20,31-40,18,2067,11/27/2020 02:15:01 PM
16-08-20,31-40,6,2073,11/27/2020 02:15:01 PM
17-08-20,31-40,17,2090,11/27/2020 02:15:01 PM
18-08-20,31-40,26,2116,11/27/2020 02:15:01 PM
19-08-20,31-40,18,2134,11/27/2020 02:15:01 PM
20-08-20,31-40,16,2150,11/27/2020 02:15:01 PM
21-08-20,31-40,21,2171,11/27/2020 02:15:01 PM
22-08-20,31-40,9,2180,11/27/2020 02:15:01 PM
23-08-20,31-40,10,2190,11/27/2020 02:15:01 PM
24-08-20,31-40,20,2210,11/27/2020 02:15:01 PM
25-08-20,31-40,13,2223,11/27/2020 02:15:01 PM
26-08-20,31-40,23,2246,11/27/2020 02:15:01 PM
27-08-20,31-40,26,2272,11/27/2020 02:15:01 PM
28-08-20,31-40,18,2290,11/27/2020 02:15:01 PM
29-08-20,31-40,10,2300,11/27/2020 02:15:01 PM
30-08-20,31-40,9,2309,11/27/2020 02:15:01 PM
31-08-20,31-40,11,2320,11/27/2020 02:15:01 PM
01-09-20,31-40,16,2336,11/27/2020 02:15:01 PM
02-09-20,31-40,12,2348,11/27/2020 02:15:01 PM
03-09-20,31-40,23,2371,11/27/2020 02:15:01 PM
04-09-20,31-40,18,2389,11/27/2020 02:15:01 PM
05-09-20,31-40,10,2399,11/27/2020 02:15:01 PM
06-09-20,31-40,6,2405,11/27/2020 02:15:01 PM
07-09-20,31-40,11,2416,11/27/2020 02:15:01 PM
08-09-20,31-40,11,2427,11/27/2020 02:15:01 PM
09-09-20,31-40,14,2441,11/27/2020 02:15:01 PM
10-09-20,31-40,7,2448,11/27/2020 02:15:01 PM
11-09-20,31-40,11,2459,11/27/2020 02:15:01 PM
12-09-20,31-40,5,2464,11/27/2020 02:15:01 PM
13-09-20,31-40,4,2468,11/27/2020 02:15:01 PM
14-09-20,31-40,23,2491,11/27/2020 02:15:01 PM
15-09-20,31-40,14,2505,11/27/2020 02:15:01 PM
16-09-20,31-40,12,2517,11/27/2020 02:15:01 PM
17-09-20,31-40,13,2530,11/27/2020 02:15:01 PM
18-09-20,31-40,15,2545,11/27/2020 02:15:01 PM
19-09-20,31-40,6,2551,11/27/2020 02:15:01 PM
20-09-20,31-40,4,2555,11/27/2020 02:15:01 PM
21-09-20,31-40,12,2567,11/27/2020 02:15:01 PM
22-09-20,31-40,16,2583,11/27/2020 02:15:01 PM
23-09-20,31-40,13,2596,11/27/2020 02:15:01 PM
24-09-20,31-40,10,2606,11/27/2020 02:15:01 PM
25-09-20,31-40,7,2613,11/27/2020 02:15:01 PM
26-09-20,31-40,4,2617,11/27/2020 02:15:01 PM
27-09-20,31-40,10,2627,11/27/2020 02:15:01 PM
28-09-20,31-40,12,2639,11/27/2020 02:15:01 PM
29-09-20,31-40,15,2654,11/27/2020 02:15:01 PM
30-09-20,31-40,8,2662,11/27/2020 02:15:01 PM
01-10-20,31-40,11,2673,11/27/2020 02:15:01 PM
02-10-20,31-40,7,2680,11/27/2020 02:15:01 PM
03-10-20,31-40,5,2685,11/27/2020 02:15:01 PM
04-10-20,31-40,4,2689,11/27/2020 02:15:01 PM
05-10-20,31-40,5,2694,11/27/2020 02:15:01 PM
06-10-20,31-40,10,2704,11/27/2020 02:15:01 PM
07-10-20,31-40,14,2718,11/27/2020 02:15:01 PM
08-10-20,31-40,7,2725,11/27/2020 02:15:01 PM
09-10-20,31-40,7,2732,11/27/2020 02:15:01 PM
10-10-20,31-40,1,2733,11/27/2020 02:15:01 PM
11-10-20,31-40,6,2739,11/27/2020 02:15:01 PM
12-10-20,31-40,7,2746,11/27/2020 02:15:01 PM
13-10-20,31-40,9,2755,11/27/2020 02:15:01 PM
14-10-20,31-40,3,2758,11/27/2020 02:15:01 PM
15-10-20,31-40,12,2770,11/27/2020 02:15:01 PM
16-10-20,31-40,9,2779,11/27/2020 02:15:01 PM
17-10-20,31-40,5,2784,11/27/2020 02:15:01 PM
18-10-20,31-40,3,2787,11/27/2020 02:15:01 PM
19-10-20,31-40,14,2801,11/27/2020 02:15:01 PM
20-10-20,31-40,12,2813,11/27/2020 02:15:01 PM
21-10-20,31-40,9,2822,11/27/2020 02:15:01 PM
22-10-20,31-40,15,2837,11/27/2020 02:15:01 PM
23-10-20,31-40,10,2847,11/27/2020 02:15:01 PM
24-10-20,31-40,6,2853,11/27/2020 02:15:01 PM
25-10-20,31-40,5,2858,11/27/2020 02:15:01 PM
26-10-20,31-40,12,2870,11/27/2020 02:15:01 PM
27-10-20,31-40,17,2887,11/27/2020 02:15:01 PM
28-10-20,31-40,17,2904,11/27/2020 02:15:01 PM
29-10-20,31-40,16,2920,11/27/2020 02:15:01 PM
30-10-20,31-40,13,2933,11/27/2020 02:15:01 PM
31-10-20,31-40,15,2948,11/27/2020 02:15:01 PM
01-11-20,31-40,8,2956,11/27/2020 02:15:01 PM
02-11-20,31-40,20,2976,11/27/2020 02:15:01 PM
03-11-20,31-40,35,3011,11/27/2020 02:15:01 PM
04-11-20,31-40,27,3038,11/27/2020 02:15:01 PM
05-11-20,31-40,32,3070,11/27/2020 02:15:01 PM
06-11-20,31-40,20,3090,11/27/2020 02:15:01 PM
07-11-20,31-40,12,3102,11/27/2020 02:15:01 PM
08-11-20,31-40,9,3111,11/27/2020 02:15:01 PM
09-11-20,31-40,32,3143,11/27/2020 02:15:01 PM
10-11-20,31-40,23,3166,11/27/2020 02:15:01 PM
11-11-20,31-40,27,3193,11/27/2020 02:15:01 PM
12-11-20,31-40,38,3231,11/27/2020 02:15:01 PM
13-11-20,31-40,21,3252,11/27/2020 02:15:01 PM
14-11-20,31-40,21,3273,11/27/2020 02:15:01 PM
15-11-20,31-40,15,3288,11/27/2020 02:15:01 PM
16-11-20,31-40,49,3337,11/27/2020 02:15:01 PM
17-11-20,31-40,32,3369,11/27/2020 02:15:01 PM
18-11-20,31-40,46,3415,11/27/2020 02:15:01 PM
19-11-20,31-40,45,3460,11/27/2020 02:15:01 PM
20-11-20,31-40,37,3497,11/27/2020 02:15:01 PM
21-11-20,31-40,15,3512,11/27/2020 02:15:01 PM
22-11-20,31-40,17,3529,11/27/2020 02:15:01 PM
23-11-20,31-40,25,3554,11/27/2020 02:15:01 PM
24-11-20,31-40,28,3582,11/27/2020 02:15:01 PM
25-11-20,31-40,8,3590,11/27/2020 02:15:01 PM
26-11-20,31-40,0,3590,11/27/2020 02:15:01 PM
07-03-20,18-30,3,5,11/27/2020 02:15:01 PM
08-03-20,18-30,0,5,11/27/2020 02:15:01 PM
09-03-20,18-30,0,5,11/27/2020 02:15:01 PM
10-03-20,18-30,0,5,11/27/2020 02:15:01 PM
11-03-20,18-30,3,8,11/27/2020 02:15:01 PM
12-03-20,18-30,0,8,11/27/2020 02:15:01 PM
13-03-20,18-30,3,11,11/27/2020 02:15:01 PM
14-03-20,18-30,4,15,11/27/2020 02:15:01 PM
15-03-20,18-30,2,17,11/27/2020 02:15:01 PM
16-03-20,18-30,2,19,11/27/2020 02:15:01 PM
17-03-20,18-30,4,23,11/27/2020 02:15:01 PM
18-03-20,18-30,6,29,11/27/2020 02:15:01 PM
19-03-20,18-30,3,32,11/27/2020 02:15:01 PM
20-03-20,18-30,8,40,11/27/2020 02:15:01 PM
21-03-20,18-30,2,42,11/27/2020 02:15:01 PM
22-03-20,18-30,6,48,11/27/2020 02:15:01 PM
23-03-20,18-30,7,55,11/27/2020 02:15:01 PM
24-03-20,18-30,8,63,11/27/2020 02:15:01 PM
25-03-20,18-30,7,70,11/27/2020 02:15:01 PM
26-03-20,18-30,6,76,11/27/2020 02:15:01 PM
27-03-20,18-30,4,80,11/27/2020 02:15:01 PM
28-03-20,18-30,4,84,11/27/2020 02:15:01 PM
29-03-20,18-30,2,86,11/27/2020 02:15:01 PM
30-03-20,18-30,7,93,11/27/2020 02:15:01 PM
31-03-20,18-30,10,103,11/27/2020 02:15:01 PM
01-04-20,18-30,10,113,11/27/2020 02:15:01 PM
02-04-20,18-30,7,120,11/27/2020 02:15:01 PM
03-04-20,18-30,3,123,11/27/2020 02:15:01 PM
04-04-20,18-30,2,125,11/27/2020 02:15:01 PM
05-04-20,18-30,9,134,11/27/2020 02:15:01 PM
06-04-20,18-30,9,143,11/27/2020 02:15:01 PM
07-04-20,18-30,11,154,11/27/2020 02:15:01 PM
08-04-20,18-30,6,160,11/27/2020 02:15:01 PM
09-04-20,18-30,13,173,11/27/2020 02:15:01 PM
10-04-20,18-30,2,175,11/27/2020 02:15:01 PM
11-04-20,18-30,5,180,11/27/2020 02:15:01 PM
12-04-20,18-30,3,183,11/27/2020 02:15:01 PM
13-04-20,18-30,4,187,11/27/2020 02:15:01 PM
14-04-20,18-30,4,191,11/27/2020 02:15:01 PM
15-04-20,18-30,3,194,11/27/2020 02:15:01 PM
16-04-20,18-30,6,200,11/27/2020 02:15:01 PM
17-04-20,18-30,6,206,11/27/2020 02:15:01 PM
18-04-20,18-30,1,207,11/27/2020 02:15:01 PM
19-04-20,18-30,2,209,11/27/2020 02:15:01 PM
20-04-20,18-30,6,215,11/27/2020 02:15:01 PM
21-04-20,18-30,7,222,11/27/2020 02:15:01 PM
22-04-20,18-30,3,225,11/27/2020 02:15:01 PM
23-04-20,18-30,5,230,11/27/2020 02:15:01 PM
24-04-20,18-30,8,238,11/27/2020 02:15:01 PM
25-04-20,18-30,3,241,11/27/2020 02:15:01 PM
26-04-20,18-30,7,248,11/27/2020 02:15:01 PM
27-04-20,18-30,9,257,11/27/2020 02:15:01 PM
28-04-20,18-30,23,280,11/27/2020 02:15:01 PM
29-04-20,18-30,14,294,11/27/2020 02:15:01 PM
30-04-20,18-30,10,304,11/27/2020 02:15:01 PM
01-05-20,18-30,2,306,11/27/2020 02:15:01 PM
02-05-20,18-30,10,316,11/27/2020 02:15:01 PM
03-05-20,18-30,0,316,11/27/2020 02:15:01 PM
04-05-20,18-30,9,325,11/27/2020 02:15:01 PM
05-05-20,18-30,10,335,11/27/2020 02:15:01 PM
06-05-20,18-30,13,348,11/27/2020 02:15:01 PM
07-05-20,18-30,2,350,11/27/2020 02:15:01 PM
08-05-20,18-30,6,356,11/27/2020 02:15:01 PM
09-05-20,18-30,2,358,11/27/2020 02:15:01 PM
10-05-20,18-30,2,360,11/27/2020 02:15:01 PM
11-05-20,18-30,3,363,11/27/2020 02:15:01 PM
12-05-20,18-30,7,370,11/27/2020 02:15:01 PM
13-05-20,18-30,6,376,11/27/2020 02:15:01 PM
14-05-20,18-30,10,386,11/27/2020 02:15:01 PM
15-05-20,18-30,4,390,11/27/2020 02:15:01 PM
16-05-20,18-30,0,390,11/27/2020 02:15:01 PM
17-05-20,18-30,2,392,11/27/2020 02:15:01 PM
18-05-20,18-30,11,403,11/27/2020 02:15:01 PM
19-05-20,18-30,12,415,11/27/2020 02:15:01 PM
20-05-20,18-30,8,423,11/27/2020 02:15:01 PM
21-05-20,18-30,8,431,11/27/2020 02:15:01 PM
22-05-20,18-30,10,441,11/27/2020 02:15:01 PM
23-05-20,18-30,6,447,11/27/2020 02:15:01 PM
24-05-20,18-30,5,452,11/27/2020 02:15:01 PM
25-05-20,18-30,4,456,11/27/2020 02:15:01 PM
26-05-20,18-30,10,466,11/27/2020 02:15:01 PM
27-05-20,18-30,6,472,11/27/2020 02:15:01 PM
28-05-20,18-30,5,477,11/27/2020 02:15:01 PM
29-05-20,18-30,8,485,11/27/2020 02:15:01 PM
30-05-20,18-30,7,492,11/27/2020 02:15:01 PM
31-05-20,18-30,6,498,11/27/2020 02:15:01 PM
01-06-20,18-30,12,510,11/27/2020 02:15:01 PM
02-06-20,18-30,9,519,11/27/2020 02:15:01 PM
03-06-20,18-30,7,526,11/27/2020 02:15:01 PM
04-06-20,18-30,11,537,11/27/2020 02:15:01 PM
05-06-20,18-30,8,545,11/27/2020 02:15:01 PM
06-06-20,18-30,2,547,11/27/2020 02:15:01 PM
07-06-20,18-30,7,554,11/27/2020 02:15:01 PM
08-06-20,18-30,12,566,11/27/2020 02:15:01 PM
09-06-20,18-30,6,572,11/27/2020 02:15:01 PM
10-06-20,18-30,5,577,11/27/2020 02:15:01 PM
11-06-20,18-30,5,582,11/27/2020 02:15:01 PM
12-06-20,18-30,4,586,11/27/2020 02:15:01 PM
13-06-20,18-30,6,592,11/27/2020 02:15:01 PM
14-06-20,18-30,5,597,11/27/2020 02:15:01 PM
15-06-20,18-30,10,607,11/27/2020 02:15:01 PM
16-06-20,18-30,17,624,11/27/2020 02:15:01 PM
17-06-20,18-30,14,638,11/27/2020 02:15:01 PM
18-06-20,18-30,14,652,11/27/2020 02:15:01 PM
19-06-20,18-30,12,664,11/27/2020 02:15:01 PM
20-06-20,18-30,14,678,11/27/2020 02:15:01 PM
21-06-20,18-30,16,694,11/27/2020 02:15:01 PM
22-06-20,18-30,27,721,11/27/2020 02:15:01 PM
23-06-20,18-30,18,739,11/27/2020 02:15:01 PM
24-06-20,18-30,21,760,11/27/2020 02:15:01 PM
25-06-20,18-30,27,787,11/27/2020 02:15:01 PM
26-06-20,18-30,18,805,11/27/2020 02:15:01 PM
27-06-20,18-30,18,823,11/27/2020 02:15:01 PM
28-06-20,18-30,13,836,11/27/2020 02:15:01 PM
29-06-20,18-30,20,856,11/27/2020 02:15:01 PM
30-06-20,18-30,26,882,11/27/2020 02:15:01 PM
01-07-20,18-30,23,905,11/27/2020 02:15:01 PM
02-07-20,18-30,40,945,11/27/2020 02:15:01 PM
03-07-20,18-30,20,965,11/27/2020 02:15:01 PM
04-07-20,18-30,11,976,11/27/2020 02:15:01 PM
05-07-20,18-30,16,992,11/27/2020 02:15:01 PM
06-07-20,18-30,24,1016,11/27/2020 02:15:01 PM
07-07-20,18-30,36,1052,11/27/2020 02:15:01 PM
08-07-20,18-30,29,1081,11/27/2020 02:15:01 PM
09-07-20,18-30,37,1118,11/27/2020 02:15:01 PM
10-07-20,18-30,36,1154,11/27/2020 02:15:01 PM
11-07-20,18-30,19,1173,11/27/2020 02:15:01 PM
12-07-20,18-30,15,1188,11/27/2020 02:15:01 PM
13-07-20,18-30,36,1224,11/27/2020 02:15:01 PM
14-07-20,18-30,42,1266,11/27/2020 02:15:01 PM
15-07-20,18-30,44,1310,11/27/2020 02:15:01 PM
16-07-20,18-30,39,1349,11/27/2020 02:15:01 PM
17-07-20,18-30,40,1389,11/27/2020 02:15:01 PM
18-07-20,18-30,20,1409,11/27/2020 02:15:01 PM
19-07-20,18-30,16,1425,11/27/2020 02:15:01 PM
20-07-20,18-30,38,1463,11/27/2020 02:15:01 PM
21-07-20,18-30,27,1490,11/27/2020 02:15:01 PM
22-07-20,18-30,37,1527,11/27/2020 02:15:01 PM
23-07-20,18-30,33,1560,11/27/2020 02:15:01 PM
24-07-20,18-30,28,1588,11/27/2020 02:15:01 PM
25-07-20,18-30,25,1613,11/27/2020 02:15:01 PM
26-07-20,18-30,17,1630,11/27/2020 02:15:01 PM
27-07-20,18-30,33,1663,11/27/2020 02:15:01 PM
28-07-20,18-30,20,1683,11/27/2020 02:15:01 PM
29-07-20,18-30,36,1719,11/27/2020 02:15:01 PM
30-07-20,18-30,22,1741,11/27/2020 02:15:01 PM
31-07-20,18-30,31,1772,11/27/2020 02:15:01 PM
01-08-20,18-30,17,1789,11/27/2020 02:15:01 PM
02-08-20,18-30,13,1802,11/27/2020 02:15:01 PM
03-08-20,18-30,32,1834,11/27/2020 02:15:01 PM
04-08-20,18-30,18,1852,11/27/2020 02:15:01 PM
05-08-20,18-30,37,1889,11/27/2020 02:15:01 PM
06-08-20,18-30,31,1920,11/27/2020 02:15:01 PM
07-08-20,18-30,26,1946,11/27/2020 02:15:01 PM
08-08-20,18-30,13,1959,11/27/2020 02:15:01 PM
09-08-20,18-30,15,1974,11/27/2020 02:15:01 PM
10-08-20,18-30,22,1996,11/27/2020 02:15:01 PM
11-08-20,18-30,31,2027,11/27/2020 02:15:01 PM
12-08-20,18-30,39,2066,11/27/2020 02:15:01 PM
13-08-20,18-30,21,2087,11/27/2020 02:15:01 PM
14-08-20,18-30,21,2108,11/27/2020 02:15:01 PM
15-08-20,18-30,14,2122,11/27/2020 02:15:01 PM
16-08-20,18-30,9,2131,11/27/2020 02:15:01 PM
17-08-20,18-30,24,2155,11/27/2020 02:15:01 PM
18-08-20,18-30,17,2172,11/27/2020 02:15:01 PM
19-08-20,18-30,19,2191,11/27/2020 02:15:01 PM
20-08-20,18-30,25,2216,11/27/2020 02:15:01 PM
21-08-20,18-30,17,2233,11/27/2020 02:15:01 PM
22-08-20,18-30,10,2243,11/27/2020 02:15:01 PM
23-08-20,18-30,7,2250,11/27/2020 02:15:01 PM
24-08-20,18-30,23,2273,11/27/2020 02:15:01 PM
25-08-20,18-30,18,2291,11/27/2020 02:15:01 PM
26-08-20,18-30,25,2316,11/27/2020 02:15:01 PM
27-08-20,18-30,24,2340,11/27/2020 02:15:01 PM
28-08-20,18-30,15,2355,11/27/2020 02:15:01 PM
29-08-20,18-30,13,2368,11/27/2020 02:15:01 PM
30-08-20,18-30,14,2382,11/27/2020 02:15:01 PM
31-08-20,18-30,27,2409,11/27/2020 02:15:01 PM
01-09-20,18-30,25,2434,11/27/2020 02:15:01 PM
02-09-20,18-30,23,2457,11/27/2020 02:15:01 PM
03-09-20,18-30,23,2480,11/27/2020 02:15:01 PM
04-09-20,18-30,19,2499,11/27/2020 02:15:01 PM
05-09-20,18-30,6,2505,11/27/2020 02:15:01 PM
06-09-20,18-30,7,2512,11/27/2020 02:15:01 PM
07-09-20,18-30,8,2520,11/27/2020 02:15:01 PM
08-09-20,18-30,19,2539,11/27/2020 02:15:01 PM
09-09-20,18-30,15,2554,11/27/2020 02:15:01 PM
10-09-20,18-30,17,2571,11/27/2020 02:15:01 PM
11-09-20,18-30,15,2586,11/27/2020 02:15:01 PM
12-09-20,18-30,11,2597,11/27/2020 02:15:01 PM
13-09-20,18-30,7,2604,11/27/2020 02:15:01 PM
14-09-20,18-30,23,2627,11/27/2020 02:15:01 PM
15-09-20,18-30,17,2644,11/27/2020 02:15:01 PM
16-09-20,18-30,10,2654,11/27/2020 02:15:01 PM
17-09-20,18-30,13,2667,11/27/2020 02:15:01 PM
18-09-20,18-30,21,2688,11/27/2020 02:15:01 PM
19-09-20,18-30,8,2696,11/27/2020 02:15:01 PM
20-09-20,18-30,3,2699,11/27/2020 02:15:01 PM
21-09-20,18-30,13,2712,11/27/2020 02:15:01 PM
22-09-20,18-30,12,2724,11/27/2020 02:15:01 PM
23-09-20,18-30,13,2737,11/27/2020 02:15:01 PM
24-09-20,18-30,24,2761,11/27/2020 02:15:01 PM
25-09-20,18-30,13,2774,11/27/2020 02:15:01 PM
26-09-20,18-30,2,2776,11/27/2020 02:15:01 PM
27-09-20,18-30,5,2781,11/27/2020 02:15:01 PM
28-09-20,18-30,12,2793,11/27/2020 02:15:01 PM
29-09-20,18-30,12,2805,11/27/2020 02:15:01 PM
30-09-20,18-30,20,2825,11/27/2020 02:15:01 PM
01-10-20,18-30,13,2838,11/27/2020 02:15:01 PM
02-10-20,18-30,2,2840,11/27/2020 02:15:01 PM
03-10-20,18-30,7,2847,11/27/2020 02:15:01 PM
04-10-20,18-30,5,2852,11/27/2020 02:15:01 PM
05-10-20,18-30,6,2858,11/27/2020 02:15:01 PM
06-10-20,18-30,13,2871,11/27/2020 02:15:01 PM
07-10-20,18-30,10,2881,11/27/2020 02:15:01 PM
08-10-20,18-30,15,2896,11/27/2020 02:15:01 PM
09-10-20,18-30,16,2912,11/27/2020 02:15:01 PM
10-10-20,18-30,10,2922,11/27/2020 02:15:01 PM
11-10-20,18-30,4,2926,11/27/2020 02:15:01 PM
12-10-20,18-30,9,2935,11/27/2020 02:15:01 PM
13-10-20,18-30,4,2939,11/27/2020 02:15:01 PM
14-10-20,18-30,12,2951,11/27/2020 02:15:01 PM
15-10-20,18-30,9,2960,11/27/2020 02:15:01 PM
16-10-20,18-30,13,2973,11/27/2020 02:15:01 PM
17-10-20,18-30,9,2982,11/27/2020 02:15:01 PM
18-10-20,18-30,2,2984,11/27/2020 02:15:01 PM
19-10-20,18-30,9,2993,11/27/2020 02:15:01 PM
20-10-20,18-30,15,3008,11/27/2020 02:15:01 PM
21-10-20,18-30,12,3020,11/27/2020 02:15:01 PM
22-10-20,18-30,15,3035,11/27/2020 02:15:01 PM
23-10-20,18-30,17,3052,11/27/2020 02:15:01 PM
24-10-20,18-30,8,3060,11/27/2020 02:15:01 PM
25-10-20,18-30,14,3074,11/27/2020 02:15:01 PM
26-10-20,18-30,20,3094,11/27/2020 02:15:01 PM
27-10-20,18-30,21,3115,11/27/2020 02:15:01 PM
28-10-20,18-30,20,3135,11/27/2020 02:15:01 PM
29-10-20,18-30,18,3153,11/27/2020 02:15:01 PM
30-10-20,18-30,13,3166,11/27/2020 02:15:01 PM
31-10-20,18-30,10,3176,11/27/2020 02:15:01 PM
01-11-20,18-30,13,3189,11/27/2020 02:15:01 PM
02-11-20,18-30,33,3222,11/27/2020 02:15:01 PM
03-11-20,18-30,26,3248,11/27/2020 02:15:01 PM
04-11-20,18-30,53,3301,11/27/2020 02:15:01 PM
05-11-20,18-30,33,3334,11/27/2020 02:15:01 PM
06-11-20,18-30,39,3373,11/27/2020 02:15:01 PM
07-11-20,18-30,30,3403,11/27/2020 02:15:01 PM
08-11-20,18-30,11,3414,11/27/2020 02:15:01 PM
09-11-20,18-30,42,3456,11/27/2020 02:15:01 PM
10-11-20,18-30,42,3498,11/27/2020 02:15:01 PM
11-11-20,18-30,40,3538,11/27/2020 02:15:01 PM
12-11-20,18-30,49,3587,11/27/2020 02:15:01 PM
13-11-20,18-30,35,3622,11/27/2020 02:15:01 PM
14-11-20,18-30,27,3649,11/27/2020 02:15:01 PM
15-11-20,18-30,8,3657,11/27/2020 02:15:01 PM
16-11-20,18-30,46,3703,11/27/2020 02:15:01 PM
17-11-20,18-30,45,3748,11/27/2020 02:15:01 PM
18-11-20,18-30,61,3809,11/27/2020 02:15:01 PM
19-11-20,18-30,60,3869,11/27/2020 02:15:01 PM
20-11-20,18-30,50,3919,11/27/2020 02:15:01 PM
21-11-20,18-30,25,3944,11/27/2020 02:15:01 PM
22-11-20,18-30,18,3962,11/27/2020 02:15:01 PM
23-11-20,18-30,38,4000,11/27/2020 02:15:01 PM
24-11-20,18-30,38,4038,11/27/2020 02:15:01 PM
25-11-20,18-30,26,4064,11/27/2020 02:15:01 PM
26-11-20,18-30,0,4064,11/27/2020 02:15:01 PM
18-03-20,81+,1,5,11/27/2020 02:15:01 PM
19-03-20,81+,1,6,11/27/2020 02:15:01 PM
20-03-20,81+,0,6,11/27/2020 02:15:01 PM
21-03-20,81+,1,7,11/27/2020 02:15:01 PM
22-03-20,81+,2,9,11/27/2020 02:15:01 PM
23-03-20,81+,1,10,11/27/2020 02:15:01 PM
24-03-20,81+,1,11,11/27/2020 02:15:01 PM
25-03-20,81+,1,12,11/27/2020 02:15:01 PM
26-03-20,81+,4,16,11/27/2020 02:15:01 PM
27-03-20,81+,1,17,11/27/2020 02:15:01 PM
28-03-20,81+,1,18,11/27/2020 02:15:01 PM
29-03-20,81+,2,20,11/27/2020 02:15:01 PM
30-03-20,81+,1,21,11/27/2020 02:15:01 PM
31-03-20,81+,2,23,11/27/2020 02:15:01 PM
01-04-20,81+,2,25,11/27/2020 02:15:01 PM
02-04-20,81+,2,27,11/27/2020 02:15:01 PM
03-04-20,81+,0,27,11/27/2020 02:15:01 PM
04-04-20,81+,1,28,11/27/2020 02:15:01 PM
05-04-20,81+,2,30,11/27/2020 02:15:01 PM
06-04-20,81+,3,33,11/27/2020 02:15:01 PM
07-04-20,81+,3,36,11/27/2020 02:15:01 PM
08-04-20,81+,1,37,11/27/2020 02:15:01 PM
09-04-20,81+,1,38,11/27/2020 02:15:01 PM
10-04-20,81+,0,38,11/27/2020 02:15:01 PM
11-04-20,81+,2,40,11/27/2020 02:15:01 PM
12-04-20,81+,2,42,11/27/2020 02:15:01 PM
13-04-20,81+,2,44,11/27/2020 02:15:01 PM
14-04-20,81+,5,49,11/27/2020 02:15:01 PM
15-04-20,81+,14,63,11/27/2020 02:15:01 PM
16-04-20,81+,2,65,11/27/2020 02:15:01 PM
17-04-20,81+,3,68,11/27/2020 02:15:01 PM
18-04-20,81+,1,69,11/27/2020 02:15:01 PM
19-04-20,81+,3,72,11/27/2020 02:15:01 PM
20-04-20,81+,2,74,11/27/2020 02:15:01 PM
21-04-20,81+,3,77,11/27/2020 02:15:01 PM
22-04-20,81+,1,78,11/27/2020 02:15:01 PM
23-04-20,81+,5,83,11/27/2020 02:15:01 PM
24-04-20,81+,2,85,11/27/2020 02:15:01 PM
25-04-20,81+,8,93,11/27/2020 02:15:01 PM
26-04-20,81+,1,94,11/27/2020 02:15:01 PM
27-04-20,81+,2,96,11/27/2020 02:15:01 PM
28-04-20,81+,1,97,11/27/2020 02:15:01 PM
29-04-20,81+,1,98,11/27/2020 02:15:01 PM
30-04-20,81+,0,98,11/27/2020 02:15:01 PM
01-05-20,81+,2,100,11/27/2020 02:15:01 PM
02-05-20,81+,1,101,11/27/2020 02:15:01 PM
03-05-20,81+,0,101,11/27/2020 02:15:01 PM
04-05-20,81+,1,102,11/27/2020 02:15:01 PM
05-05-20,81+,0,102,11/27/2020 02:15:01 PM
06-05-20,81+,1,103,11/27/2020 02:15:01 PM
07-05-20,81+,0,103,11/27/2020 02:15:01 PM
08-05-20,81+,0,103,11/27/2020 02:15:01 PM
09-05-20,81+,1,104,11/27/2020 02:15:01 PM
10-05-20,81+,0,104,11/27/2020 02:15:01 PM
11-05-20,81+,0,104,11/27/2020 02:15:01 PM
12-05-20,81+,8,112,11/27/2020 02:15:01 PM
13-05-20,81+,0,112,11/27/2020 02:15:01 PM
14-05-20,81+,0,112,11/27/2020 02:15:01 PM
15-05-20,81+,0,112,11/27/2020 02:15:01 PM
16-05-20,81+,1,113,11/27/2020 02:15:01 PM
17-05-20,81+,0,113,11/27/2020 02:15:01 PM
18-05-20,81+,1,114,11/27/2020 02:15:01 PM
19-05-20,81+,0,114,11/27/2020 02:15:01 PM
20-05-20,81+,1,115,11/27/2020 02:15:01 PM
21-05-20,81+,1,116,11/27/2020 02:15:01 PM
22-05-20,81+,1,117,11/27/2020 02:15:01 PM
23-05-20,81+,0,117,11/27/2020 02:15:01 PM
24-05-20,81+,0,117,11/27/2020 02:15:01 PM
25-05-20,81+,0,117,11/27/2020 02:15:01 PM
26-05-20,81+,0,117,11/27/2020 02:15:01 PM
27-05-20,81+,1,118,11/27/2020 02:15:01 PM
28-05-20,81+,2,120,11/27/2020 02:15:01 PM
29-05-20,81+,0,120,11/27/2020 02:15:01 PM
30-05-20,81+,0,120,11/27/2020 02:15:01 PM
31-05-20,81+,0,120,11/27/2020 02:15:01 PM
01-06-20,81+,1,121,11/27/2020 02:15:01 PM
02-06-20,81+,1,122,11/27/2020 02:15:01 PM
03-06-20,81+,0,122,11/27/2020 02:15:01 PM
04-06-20,81+,1,123,11/27/2020 02:15:01 PM
05-06-20,81+,4,127,11/27/2020 02:15:01 PM
06-06-20,81+,0,127,11/27/2020 02:15:01 PM
07-06-20,81+,0,127,11/27/2020 02:15:01 PM
08-06-20,81+,2,129,11/27/2020 02:15:01 PM
09-06-20,81+,0,129,11/27/2020 02:15:01 PM
10-06-20,81+,1,130,11/27/2020 02:15:01 PM
11-06-20,81+,0,130,11/27/2020 02:15:01 PM
12-06-20,81+,0,130,11/27/2020 02:15:01 PM
13-06-20,81+,0,130,11/27/2020 02:15:01 PM
14-06-20,81+,0,130,11/27/2020 02:15:01 PM
15-06-20,81+,0,130,11/27/2020 02:15:01 PM
16-06-20,81+,0,130,11/27/2020 02:15:01 PM
17-06-20,81+,0,130,11/27/2020 02:15:01 PM
18-06-20,81+,0,130,11/27/2020 02:15:01 PM
19-06-20,81+,2,132,11/27/2020 02:15:01 PM
20-06-20,81+,0,132,11/27/2020 02:15:01 PM
21-06-20,81+,0,132,11/27/2020 02:15:01 PM
22-06-20,81+,0,132,11/27/2020 02:15:01 PM
23-06-20,81+,0,132,11/27/2020 02:15:01 PM
24-06-20,81+,0,132,11/27/2020 02:15:01 PM
25-06-20,81+,2,134,11/27/2020 02:15:01 PM
26-06-20,81+,2,136,11/27/2020 02:15:01 PM
27-06-20,81+,0,136,11/27/2020 02:15:01 PM
28-06-20,81+,2,138,11/27/2020 02:15:01 PM
29-06-20,81+,1,139,11/27/2020 02:15:01 PM
30-06-20,81+,1,140,11/27/2020 02:15:01 PM
01-07-20,81+,1,141,11/27/2020 02:15:01 PM
02-07-20,81+,2,143,11/27/2020 02:15:01 PM
03-07-20,81+,0,143,11/27/2020 02:15:01 PM
04-07-20,81+,0,143,11/27/2020 02:15:01 PM
05-07-20,81+,3,146,11/27/2020 02:15:01 PM
06-07-20,81+,2,148,11/27/2020 02:15:01 PM
07-07-20,81+,1,149,11/27/2020 02:15:01 PM
08-07-20,81+,2,151,11/27/2020 02:15:01 PM
09-07-20,81+,1,152,11/27/2020 02:15:01 PM
10-07-20,81+,1,153,11/27/2020 02:15:01 PM
11-07-20,81+,1,154,11/27/2020 02:15:01 PM
12-07-20,81+,1,155,11/27/2020 02:15:01 PM
13-07-20,81+,2,157,11/27/2020 02:15:01 PM
14-07-20,81+,3,160,11/27/2020 02:15:01 PM
15-07-20,81+,1,161,11/27/2020 02:15:01 PM
16-07-20,81+,0,161,11/27/2020 02:15:01 PM
17-07-20,81+,2,163,11/27/2020 02:15:01 PM
18-07-20,81+,0,163,11/27/2020 02:15:01 PM
19-07-20,81+,0,163,11/27/2020 02:15:01 PM
20-07-20,81+,1,164,11/27/2020 02:15:01 PM
21-07-20,81+,2,166,11/27/2020 02:15:01 PM
22-07-20,81+,0,166,11/27/2020 02:15:01 PM
23-07-20,81+,2,168,11/27/2020 02:15:01 PM
24-07-20,81+,1,169,11/27/2020 02:15:01 PM
25-07-20,81+,1,170,11/27/2020 02:15:01 PM
26-07-20,81+,1,171,11/27/2020 02:15:01 PM
27-07-20,81+,0,171,11/27/2020 02:15:01 PM
28-07-20,81+,1,172,11/27/2020 02:15:01 PM
29-07-20,81+,6,178,11/27/2020 02:15:01 PM
30-07-20,81+,2,180,11/27/2020 02:15:01 PM
31-07-20,81+,3,183,11/27/2020 02:15:01 PM
01-08-20,81+,7,190,11/27/2020 02:15:01 PM
02-08-20,81+,1,191,11/27/2020 02:15:01 PM
03-08-20,81+,2,193,11/27/2020 02:15:01 PM
04-08-20,81+,3,196,11/27/2020 02:15:01 PM
05-08-20,81+,2,198,11/27/2020 02:15:01 PM
06-08-20,81+,4,202,11/27/2020 02:15:01 PM
07-08-20,81+,0,202,11/27/2020 02:15:01 PM
08-08-20,81+,0,202,11/27/2020 02:15:01 PM
09-08-20,81+,0,202,11/27/2020 02:15:01 PM
10-08-20,81+,4,206,11/27/2020 02:15:01 PM
11-08-20,81+,2,208,11/27/2020 02:15:01 PM
12-08-20,81+,1,209,11/27/2020 02:15:01 PM
13-08-20,81+,1,210,11/27/2020 02:15:01 PM
14-08-20,81+,4,214,11/27/2020 02:15:01 PM
15-08-20,81+,1,215,11/27/2020 02:15:01 PM
16-08-20,81+,0,215,11/27/2020 02:15:01 PM
17-08-20,81+,3,218,11/27/2020 02:15:01 PM
18-08-20,81+,1,219,11/27/2020 02:15:01 PM
19-08-20,81+,1,220,11/27/2020 02:15:01 PM
20-08-20,81+,1,221,11/27/2020 02:15:01 PM
21-08-20,81+,1,222,11/27/2020 02:15:01 PM
22-08-20,81+,0,222,11/27/2020 02:15:01 PM
23-08-20,81+,2,224,11/27/2020 02:15:01 PM
24-08-20,81+,3,227,11/27/2020 02:15:01 PM
25-08-20,81+,2,229,11/27/2020 02:15:01 PM
26-08-20,81+,2,231,11/27/2020 02:15:01 PM
27-08-20,81+,3,234,11/27/2020 02:15:01 PM
28-08-20,81+,2,236,11/27/2020 02:15:01 PM
29-08-20,81+,0,236,11/27/2020 02:15:01 PM
30-08-20,81+,0,236,11/27/2020 02:15:01 PM
31-08-20,81+,5,241,11/27/2020 02:15:01 PM
01-09-20,81+,1,242,11/27/2020 02:15:01 PM
02-09-20,81+,2,244,11/27/2020 02:15:01 PM
03-09-20,81+,6,250,11/27/2020 02:15:01 PM
04-09-20,81+,2,252,11/27/2020 02:15:01 PM
05-09-20,81+,1,253,11/27/2020 02:15:01 PM
06-09-20,81+,3,256,11/27/2020 02:15:01 PM
07-09-20,81+,11,267,11/27/2020 02:15:01 PM
08-09-20,81+,0,267,11/27/2020 02:15:01 PM
09-09-20,81+,5,272,11/27/2020 02:15:01 PM
10-09-20,81+,1,273,11/27/2020 02:15:01 PM
11-09-20,81+,7,280,11/27/2020 02:15:01 PM
12-09-20,81+,3,283,11/27/2020 02:15:01 PM
13-09-20,81+,0,283,11/27/2020 02:15:01 PM
14-09-20,81+,3,286,11/27/2020 02:15:01 PM
15-09-20,81+,9,295,11/27/2020 02:15:01 PM
16-09-20,81+,0,295,11/27/2020 02:15:01 PM
17-09-20,81+,1,296,11/27/2020 02:15:01 PM
18-09-20,81+,17,313,11/27/2020 02:15:01 PM
19-09-20,81+,4,317,11/27/2020 02:15:01 PM
20-09-20,81+,0,317,11/27/2020 02:15:01 PM
21-09-20,81+,0,317,11/27/2020 02:15:01 PM
22-09-20,81+,6,323,11/27/2020 02:15:01 PM
23-09-20,81+,4,327,11/27/2020 02:15:01 PM
24-09-20,81+,5,332,11/27/2020 02:15:01 PM
25-09-20,81+,2,334,11/27/2020 02:15:01 PM
26-09-20,81+,1,335,11/27/2020 02:15:01 PM
27-09-20,81+,0,335,11/27/2020 02:15:01 PM
28-09-20,81+,1,336,11/27/2020 02:15:01 PM
29-09-20,81+,0,336,11/27/2020 02:15:01 PM
30-09-20,81+,1,337,11/27/2020 02:15:01 PM
01-10-20,81+,2,339,11/27/2020 02:15:01 PM
02-10-20,81+,1,340,11/27/2020 02:15:01 PM
03-10-20,81+,0,340,11/27/2020 02:15:01 PM
04-10-20,81+,0,340,11/27/2020 02:15:01 PM
05-10-20,81+,0,340,11/27/2020 02:15:01 PM
06-10-20,81+,0,340,11/27/2020 02:15:01 PM
07-10-20,81+,0,340,11/27/2020 02:15:01 PM
08-10-20,81+,2,342,11/27/2020 02:15:01 PM
09-10-20,81+,0,342,11/27/2020 02:15:01 PM
10-10-20,81+,0,342,11/27/2020 02:15:01 PM
11-10-20,81+,0,342,11/27/2020 02:15:01 PM
12-10-20,81+,0,342,11/27/2020 02:15:01 PM
13-10-20,81+,1,343,11/27/2020 02:15:01 PM
14-10-20,81+,0,343,11/27/2020 02:15:01 PM
15-10-20,81+,1,344,11/27/2020 02:15:01 PM
16-10-20,81+,0,344,11/27/2020 02:15:01 PM
17-10-20,81+,2,346,11/27/2020 02:15:01 PM
18-10-20,81+,0,346,11/27/2020 02:15:01 PM
19-10-20,81+,0,346,11/27/2020 02:15:01 PM
20-10-20,81+,0,346,11/27/2020 02:15:01 PM
21-10-20,81+,0,346,11/27/2020 02:15:01 PM
22-10-20,81+,1,347,11/27/2020 02:15:01 PM
23-10-20,81+,0,347,11/27/2020 02:15:01 PM
24-10-20,81+,0,347,11/27/2020 02:15:01 PM
25-10-20,81+,0,347,11/27/2020 02:15:01 PM
26-10-20,81+,2,349,11/27/2020 02:15:01 PM
27-10-20,81+,0,349,11/27/2020 02:15:01 PM
28-10-20,81+,1,350,11/27/2020 02:15:01 PM
29-10-20,81+,0,350,11/27/2020 02:15:01 PM
30-10-20,81+,2,352,11/27/2020 02:15:01 PM
31-10-20,81+,1,353,11/27/2020 02:15:01 PM
01-11-20,81+,0,353,11/27/2020 02:15:01 PM
02-11-20,81+,3,356,11/27/2020 02:15:01 PM
03-11-20,81+,2,358,11/27/2020 02:15:01 PM
04-11-20,81+,3,361,11/27/2020 02:15:01 PM
05-11-20,81+,3,364,11/27/2020 02:15:01 PM
06-11-20,81+,7,371,11/27/2020 02:15:01 PM
07-11-20,81+,0,371,11/27/2020 02:15:01 PM
08-11-20,81+,0,371,11/27/2020 02:15:01 PM
09-11-20,81+,3,374,11/27/2020 02:15:01 PM
10-11-20,81+,2,376,11/27/2020 02:15:01 PM
11-11-20,81+,0,376,11/27/2020 02:15:01 PM
12-11-20,81+,0,376,11/27/2020 02:15:01 PM
13-11-20,81+,1,377,11/27/2020 02:15:01 PM
14-11-20,81+,0,377,11/27/2020 02:15:01 PM
15-11-20,81+,1,378,11/27/2020 02:15:01 PM
16-11-20,81+,3,381,11/27/2020 02:15:01 PM
17-11-20,81+,3,384,11/27/2020 02:15:01 PM
18-11-20,81+,3,387,11/27/2020 02:15:01 PM
19-11-20,81+,2,389,11/27/2020 02:15:01 PM
20-11-20,81+,2,391,11/27/2020 02:15:01 PM
21-11-20,81+,2,393,11/27/2020 02:15:01 PM
22-11-20,81+,3,396,11/27/2020 02:15:01 PM
23-11-20,81+,4,400,11/27/2020 02:15:01 PM
24-11-20,81+,3,403,11/27/2020 02:15:01 PM
25-11-20,81+,4,407,11/27/2020 02:15:01 PM
26-11-20,81+,0,407,11/27/2020 02:15:01 PM
04-04-20,under 18,1,5,11/27/2020 02:15:01 PM
05-04-20,under 18,0,5,11/27/2020 02:15:01 PM
06-04-20,under 18,2,7,11/27/2020 02:15:01 PM
07-04-20,under 18,6,13,11/27/2020 02:15:01 PM
08-04-20,under 18,1,14,11/27/2020 02:15:01 PM
09-04-20,under 18,2,16,11/27/2020 02:15:01 PM
10-04-20,under 18,1,17,11/27/2020 02:15:01 PM
11-04-20,under 18,1,18,11/27/2020 02:15:01 PM
12-04-20,under 18,0,18,11/27/2020 02:15:01 PM
13-04-20,under 18,3,21,11/27/2020 02:15:01 PM
14-04-20,under 18,0,21,11/27/2020 02:15:01 PM
15-04-20,under 18,0,21,11/27/2020 02:15:01 PM
16-04-20,under 18,1,22,11/27/2020 02:15:01 PM
17-04-20,under 18,0,22,11/27/2020 02:15:01 PM
18-04-20,under 18,2,24,11/27/2020 02:15:01 PM
19-04-20,under 18,0,24,11/27/2020 02:15:01 PM
20-04-20,under 18,2,26,11/27/2020 02:15:01 PM
21-04-20,under 18,2,28,11/27/2020 02:15:01 PM
22-04-20,under 18,4,32,11/27/2020 02:15:01 PM
23-04-20,under 18,1,33,11/27/2020 02:15:01 PM
24-04-20,under 18,2,35,11/27/2020 02:15:01 PM
25-04-20,under 18,5,40,11/27/2020 02:15:01 PM
26-04-20,under 18,2,42,11/27/2020 02:15:01 PM
27-04-20,under 18,3,45,11/27/2020 02:15:01 PM
28-04-20,under 18,7,52,11/27/2020 02:15:01 PM
29-04-20,under 18,3,55,11/27/2020 02:15:01 PM
30-04-20,under 18,3,58,11/27/2020 02:15:01 PM
01-05-20,under 18,3,61,11/27/2020 02:15:01 PM
02-05-20,under 18,6,67,11/27/2020 02:15:01 PM
03-05-20,under 18,2,69,11/27/2020 02:15:01 PM
04-05-20,under 18,6,75,11/27/2020 02:15:01 PM
05-05-20,under 18,0,75,11/27/2020 02:15:01 PM
06-05-20,under 18,2,77,11/27/2020 02:15:01 PM
07-05-20,under 18,4,81,11/27/2020 02:15:01 PM
08-05-20,under 18,6,87,11/27/2020 02:15:01 PM
09-05-20,under 18,0,87,11/27/2020 02:15:01 PM
10-05-20,under 18,0,87,11/27/2020 02:15:01 PM
11-05-20,under 18,3,90,11/27/2020 02:15:01 PM
12-05-20,under 18,3,93,11/27/2020 02:15:01 PM
13-05-20,under 18,1,94,11/27/2020 02:15:01 PM
14-05-20,under 18,7,101,11/27/2020 02:15:01 PM
15-05-20,under 18,5,106,11/27/2020 02:15:01 PM
16-05-20,under 18,0,106,11/27/2020 02:15:01 PM
17-05-20,under 18,1,107,11/27/2020 02:15:01 PM
18-05-20,under 18,8,115,11/27/2020 02:15:01 PM
19-05-20,under 18,7,122,11/27/2020 02:15:01 PM
20-05-20,under 18,8,130,11/27/2020 02:15:01 PM
21-05-20,under 18,5,135,11/27/2020 02:15:01 PM
22-05-20,under 18,5,140,11/27/2020 02:15:01 PM
23-05-20,under 18,3,143,11/27/2020 02:15:01 PM
24-05-20,under 18,0,143,11/27/2020 02:15:01 PM
25-05-20,under 18,0,143,11/27/2020 02:15:01 PM
26-05-20,under 18,11,154,11/27/2020 02:15:01 PM
27-05-20,under 18,8,162,11/27/2020 02:15:01 PM
28-05-20,under 18,4,166,11/27/2020 02:15:01 PM
29-05-20,under 18,3,169,11/27/2020 02:15:01 PM
30-05-20,under 18,2,171,11/27/2020 02:15:01 PM
31-05-20,under 18,2,173,11/27/2020 02:15:01 PM
01-06-20,under 18,2,175,11/27/2020 02:15:01 PM
02-06-20,under 18,9,184,11/27/2020 02:15:01 PM
03-06-20,under 18,1,185,11/27/2020 02:15:01 PM
04-06-20,under 18,2,187,11/27/2020 02:15:01 PM
05-06-20,under 18,3,190,11/27/2020 02:15:01 PM
06-06-20,under 18,3,193,11/27/2020 02:15:01 PM
07-06-20,under 18,2,195,11/27/2020 02:15:01 PM
08-06-20,under 18,5,200,11/27/2020 02:15:01 PM
09-06-20,under 18,4,204,11/27/2020 02:15:01 PM
10-06-20,under 18,1,205,11/27/2020 02:15:01 PM
11-06-20,under 18,1,206,11/27/2020 02:15:01 PM
12-06-20,under 18,2,208,11/27/2020 02:15:01 PM
13-06-20,under 18,1,209,11/27/2020 02:15:01 PM
14-06-20,under 18,1,210,11/27/2020 02:15:01 PM
15-06-20,under 18,10,220,11/27/2020 02:15:01 PM
16-06-20,under 18,10,230,11/27/2020 02:15:01 PM
17-06-20,under 18,11,241,11/27/2020 02:15:01 PM
18-06-20,under 18,2,243,11/27/2020 02:15:01 PM
19-06-20,under 18,5,248,11/27/2020 02:15:01 PM
20-06-20,under 18,4,252,11/27/2020 02:15:01 PM
21-06-20,under 18,3,255,11/27/2020 02:15:01 PM
22-06-20,under 18,11,266,11/27/2020 02:15:01 PM
23-06-20,under 18,16,282,11/27/2020 02:15:01 PM
24-06-20,under 18,9,291,11/27/2020 02:15:01 PM
25-06-20,under 18,5,296,11/27/2020 02:15:01 PM
26-06-20,under 18,7,303,11/27/2020 02:15:01 PM
27-06-20,under 18,6,309,11/27/2020 02:15:01 PM
28-06-20,under 18,7,316,11/27/2020 02:15:01 PM
29-06-20,under 18,3,319,11/27/2020 02:15:01 PM
30-06-20,under 18,17,336,11/27/2020 02:15:01 PM
01-07-20,under 18,13,349,11/27/2020 02:15:01 PM
02-07-20,under 18,6,355,11/27/2020 02:15:01 PM
03-07-20,under 18,12,367,11/27/2020 02:15:01 PM
04-07-20,under 18,0,367,11/27/2020 02:15:01 PM
05-07-20,under 18,5,372,11/27/2020 02:15:01 PM
06-07-20,under 18,5,377,11/27/2020 02:15:01 PM
07-07-20,under 18,5,382,11/27/2020 02:15:01 PM
08-07-20,under 18,7,389,11/27/2020 02:15:01 PM
09-07-20,under 18,11,400,11/27/2020 02:15:01 PM
10-07-20,under 18,17,417,11/27/2020 02:15:01 PM
11-07-20,under 18,7,424,11/27/2020 02:15:01 PM
12-07-20,under 18,6,430,11/27/2020 02:15:01 PM
13-07-20,under 18,25,455,11/27/2020 02:15:01 PM
14-07-20,under 18,22,477,11/27/2020 02:15:01 PM
15-07-20,under 18,28,505,11/27/2020 02:15:01 PM
16-07-20,under 18,17,522,11/27/2020 02:15:01 PM
17-07-20,under 18,22,544,11/27/2020 02:15:01 PM
18-07-20,under 18,15,559,11/27/2020 02:15:01 PM
19-07-20,under 18,7,566,11/27/2020 02:15:01 PM
20-07-20,under 18,16,582,11/27/2020 02:15:01 PM
21-07-20,under 18,18,600,11/27/2020 02:15:01 PM
22-07-20,under 18,12,612,11/27/2020 02:15:01 PM
23-07-20,under 18,13,625,11/27/2020 02:15:01 PM
24-07-20,under 18,9,634,11/27/2020 02:15:01 PM
25-07-20,under 18,13,647,11/27/2020 02:15:01 PM
26-07-20,under 18,7,654,11/27/2020 02:15:01 PM
27-07-20,under 18,13,667,11/27/2020 02:15:01 PM
28-07-20,under 18,9,676,11/27/2020 02:15:01 PM
29-07-20,under 18,13,689,11/27/2020 02:15:01 PM
30-07-20,under 18,19,708,11/27/2020 02:15:01 PM
31-07-20,under 18,10,718,11/27/2020 02:15:01 PM
01-08-20,under 18,8,726,11/27/2020 02:15:01 PM
02-08-20,under 18,13,739,11/27/2020 02:15:01 PM
03-08-20,under 18,9,748,11/27/2020 02:15:01 PM
04-08-20,under 18,17,765,11/27/2020 02:15:01 PM
05-08-20,under 18,18,783,11/27/2020 02:15:01 PM
06-08-20,under 18,13,796,11/27/2020 02:15:01 PM
07-08-20,under 18,23,819,11/27/2020 02:15:01 PM
08-08-20,under 18,9,828,11/27/2020 02:15:01 PM
09-08-20,under 18,9,837,11/27/2020 02:15:01 PM
10-08-20,under 18,15,852,11/27/2020 02:15:01 PM
11-08-20,under 18,18,870,11/27/2020 02:15:01 PM
12-08-20,under 18,17,887,11/27/2020 02:15:01 PM
13-08-20,under 18,19,906,11/27/2020 02:15:01 PM
14-08-20,under 18,15,921,11/27/2020 02:15:01 PM
15-08-20,under 18,9,930,11/27/2020 02:15:01 PM
16-08-20,under 18,6,936,11/27/2020 02:15:01 PM
17-08-20,under 18,11,947,11/27/2020 02:15:01 PM
18-08-20,under 18,10,957,11/27/2020 02:15:01 PM
19-08-20,under 18,29,986,11/27/2020 02:15:01 PM
20-08-20,under 18,10,996,11/27/2020 02:15:01 PM
21-08-20,under 18,15,1011,11/27/2020 02:15:01 PM
22-08-20,under 18,7,1018,11/27/2020 02:15:01 PM
23-08-20,under 18,8,1026,11/27/2020 02:15:01 PM
24-08-20,under 18,13,1039,11/27/2020 02:15:01 PM
25-08-20,under 18,16,1055,11/27/2020 02:15:01 PM
26-08-20,under 18,20,1075,11/27/2020 02:15:01 PM
27-08-20,under 18,16,1091,11/27/2020 02:15:01 PM
28-08-20,under 18,13,1104,11/27/2020 02:15:01 PM
29-08-20,under 18,5,1109,11/27/2020 02:15:01 PM
30-08-20,under 18,3,1112,11/27/2020 02:15:01 PM
31-08-20,under 18,8,1120,11/27/2020 02:15:01 PM
01-09-20,under 18,11,1131,11/27/2020 02:15:01 PM
02-09-20,under 18,12,1143,11/27/2020 02:15:01 PM
03-09-20,under 18,14,1157,11/27/2020 02:15:01 PM
04-09-20,under 18,13,1170,11/27/2020 02:15:01 PM
05-09-20,under 18,5,1175,11/27/2020 02:15:01 PM
06-09-20,under 18,2,1177,11/27/2020 02:15:01 PM
07-09-20,under 18,2,1179,11/27/2020 02:15:01 PM
08-09-20,under 18,9,1188,11/27/2020 02:15:01 PM
09-09-20,under 18,7,1195,11/27/2020 02:15:01 PM
10-09-20,under 18,4,1199,11/27/2020 02:15:01 PM
11-09-20,under 18,11,1210,11/27/2020 02:15:01 PM
12-09-20,under 18,7,1217,11/27/2020 02:15:01 PM
13-09-20,under 18,0,1217,11/27/2020 02:15:01 PM
14-09-20,under 18,15,1232,11/27/2020 02:15:01 PM
15-09-20,under 18,10,1242,11/27/2020 02:15:01 PM
16-09-20,under 18,12,1254,11/27/2020 02:15:01 PM
17-09-20,under 18,3,1257,11/27/2020 02:15:01 PM
18-09-20,under 18,11,1268,11/27/2020 02:15:01 PM
19-09-20,under 18,6,1274,11/27/2020 02:15:01 PM
20-09-20,under 18,1,1275,11/27/2020 02:15:01 PM
21-09-20,under 18,4,1279,11/27/2020 02:15:01 PM
22-09-20,under 18,3,1282,11/27/2020 02:15:01 PM
23-09-20,under 18,10,1292,11/27/2020 02:15:01 PM
24-09-20,under 18,16,1308,11/27/2020 02:15:01 PM
25-09-20,under 18,7,1315,11/27/2020 02:15:01 PM
26-09-20,under 18,3,1318,11/27/2020 02:15:01 PM
27-09-20,under 18,5,1323,11/27/2020 02:15:01 PM
28-09-20,under 18,7,1330,11/27/2020 02:15:01 PM
29-09-20,under 18,2,1332,11/27/2020 02:15:01 PM
30-09-20,under 18,8,1340,11/27/2020 02:15:01 PM
01-10-20,under 18,6,1346,11/27/2020 02:15:01 PM
02-10-20,under 18,2,1348,11/27/2020 02:15:01 PM
03-10-20,under 18,1,1349,11/27/2020 02:15:01 PM
04-10-20,under 18,0,1349,11/27/2020 02:15:01 PM
05-10-20,under 18,5,1354,11/27/2020 02:15:01 PM
06-10-20,under 18,5,1359,11/27/2020 02:15:01 PM
07-10-20,under 18,5,1364,11/27/2020 02:15:01 PM
08-10-20,under 18,3,1367,11/27/2020 02:15:01 PM
09-10-20,under 18,1,1368,11/27/2020 02:15:01 PM
10-10-20,under 18,2,1370,11/27/2020 02:15:01 PM
11-10-20,under 18,1,1371,11/27/2020 02:15:01 PM
12-10-20,under 18,5,1376,11/27/2020 02:15:01 PM
13-10-20,under 18,13,1389,11/27/2020 02:15:01 PM
14-10-20,under 18,6,1395,11/27/2020 02:15:01 PM
15-10-20,under 18,5,1400,11/27/2020 02:15:01 PM
16-10-20,under 18,1,1401,11/27/2020 02:15:01 PM
17-10-20,under 18,1,1402,11/27/2020 02:15:01 PM
18-10-20,under 18,0,1402,11/27/2020 02:15:01 PM
19-10-20,under 18,3,1405,11/27/2020 02:15:01 PM
20-10-20,under 18,4,1409,11/27/2020 02:15:01 PM
21-10-20,under 18,5,1414,11/27/2020 02:15:01 PM
22-10-20,under 18,6,1420,11/27/2020 02:15:01 PM
23-10-20,under 18,6,1426,11/27/2020 02:15:01 PM
24-10-20,under 18,5,1431,11/27/2020 02:15:01 PM
25-10-20,under 18,3,1434,11/27/2020 02:15:01 PM
26-10-20,under 18,3,1437,11/27/2020 02:15:01 PM
27-10-20,under 18,10,1447,11/27/2020 02:15:01 PM
28-10-20,under 18,11,1458,11/27/2020 02:15:01 PM
29-10-20,under 18,1,1459,11/27/2020 02:15:01 PM
30-10-20,under 18,7,1466,11/27/2020 02:15:01 PM
31-10-20,under 18,2,1468,11/27/2020 02:15:01 PM
01-11-20,under 18,4,1472,11/27/2020 02:15:01 PM
02-11-20,under 18,10,1482,11/27/2020 02:15:01 PM
03-11-20,under 18,11,1493,11/27/2020 02:15:01 PM
04-11-20,under 18,6,1499,11/27/2020 02:15:01 PM
05-11-20,under 18,12,1511,11/27/2020 02:15:01 PM
06-11-20,under 18,10,1521,11/27/2020 02:15:01 PM
07-11-20,under 18,6,1527,11/27/2020 02:15:01 PM
08-11-20,under 18,0,1527,11/27/2020 02:15:01 PM
09-11-20,under 18,12,1539,11/27/2020 02:15:01 PM
10-11-20,under 18,11,1550,11/27/2020 02:15:01 PM
11-11-20,under 18,9,1559,11/27/2020 02:15:01 PM
12-11-20,under 18,5,1564,11/27/2020 02:15:01 PM
13-11-20,under 18,18,1582,11/27/2020 02:15:01 PM
14-11-20,under 18,8,1590,11/27/2020 02:15:01 PM
15-11-20,under 18,9,1599,11/27/2020 02:15:01 PM
16-11-20,under 18,18,1617,11/27/2020 02:15:01 PM
17-11-20,under 18,16,1633,11/27/2020 02:15:01 PM
18-11-20,under 18,14,1647,11/27/2020 02:15:01 PM
19-11-20,under 18,16,1663,11/27/2020 02:15:01 PM
20-11-20,under 18,21,1684,11/27/2020 02:15:01 PM
21-11-20,under 18,6,1690,11/27/2020 02:15:01 PM
22-11-20,under 18,2,1692,11/27/2020 02:15:01 PM
23-11-20,under 18,17,1709,11/27/2020 02:15:01 PM
24-11-20,under 18,8,1717,11/27/2020 02:15:01 PM
25-11-20,under 18,11,1728,11/27/2020 02:15:01 PM
26-11-20,under 18,0,1728,11/27/2020 02:15:01 PM
10-03-20,41-50,2,6,11/27/2020 02:15:01 PM
11-03-20,41-50,2,8,11/27/2020 02:15:01 PM
12-03-20,41-50,2,10,11/27/2020 02:15:01 PM
13-03-20,41-50,4,14,11/27/2020 02:15:01 PM
14-03-20,41-50,1,15,11/27/2020 02:15:01 PM
15-03-20,41-50,0,15,11/27/2020 02:15:01 PM
16-03-20,41-50,10,25,11/27/2020 02:15:01 PM
17-03-20,41-50,3,28,11/27/2020 02:15:01 PM
18-03-20,41-50,4,32,11/27/2020 02:15:01 PM
19-03-20,41-50,4,36,11/27/2020 02:15:01 PM
20-03-20,41-50,8,44,11/27/2020 02:15:01 PM
21-03-20,41-50,1,45,11/27/2020 02:15:01 PM
22-03-20,41-50,6,51,11/27/2020 02:15:01 PM
23-03-20,41-50,4,55,11/27/2020 02:15:01 PM
24-03-20,41-50,6,61,11/27/2020 02:15:01 PM
25-03-20,41-50,9,70,11/27/2020 02:15:01 PM
26-03-20,41-50,5,75,11/27/2020 02:15:01 PM
27-03-20,41-50,9,84,11/27/2020 02:15:01 PM
28-03-20,41-50,1,85,11/27/2020 02:15:01 PM
29-03-20,41-50,2,87,11/27/2020 02:15:01 PM
30-03-20,41-50,10,97,11/27/2020 02:15:01 PM
31-03-20,41-50,12,109,11/27/2020 02:15:01 PM
01-04-20,41-50,7,116,11/27/2020 02:15:01 PM
02-04-20,41-50,4,120,11/27/2020 02:15:01 PM
03-04-20,41-50,3,123,11/27/2020 02:15:01 PM
04-04-20,41-50,5,128,11/27/2020 02:15:01 PM
05-04-20,41-50,3,131,11/27/2020 02:15:01 PM
06-04-20,41-50,11,142,11/27/2020 02:15:01 PM
07-04-20,41-50,12,154,11/27/2020 02:15:01 PM
08-04-20,41-50,15,169,11/27/2020 02:15:01 PM
09-04-20,41-50,20,189,11/27/2020 02:15:01 PM
10-04-20,41-50,5,194,11/27/2020 02:15:01 PM
11-04-20,41-50,1,195,11/27/2020 02:15:01 PM
12-04-20,41-50,0,195,11/27/2020 02:15:01 PM
13-04-20,41-50,6,201,11/27/2020 02:15:01 PM
14-04-20,41-50,11,212,11/27/2020 02:15:01 PM
15-04-20,41-50,7,219,11/27/2020 02:15:01 PM
16-04-20,41-50,5,224,11/27/2020 02:15:01 PM
17-04-20,41-50,8,232,11/27/2020 02:15:01 PM
18-04-20,41-50,4,236,11/27/2020 02:15:01 PM
19-04-20,41-50,7,243,11/27/2020 02:15:01 PM
20-04-20,41-50,8,251,11/27/2020 02:15:01 PM
21-04-20,41-50,7,258,11/27/2020 02:15:01 PM
22-04-20,41-50,5,263,11/27/2020 02:15:01 PM
23-04-20,41-50,4,267,11/27/2020 02:15:01 PM
24-04-20,41-50,3,270,11/27/2020 02:15:01 PM
25-04-20,41-50,13,283,11/27/2020 02:15:01 PM
26-04-20,41-50,5,288,11/27/2020 02:15:01 PM
27-04-20,41-50,5,293,11/27/2020 02:15:01 PM
28-04-20,41-50,10,303,11/27/2020 02:15:01 PM
29-04-20,41-50,7,310,11/27/2020 02:15:01 PM
30-04-20,41-50,5,315,11/27/2020 02:15:01 PM
01-05-20,41-50,8,323,11/27/2020 02:15:01 PM
02-05-20,41-50,4,327,11/27/2020 02:15:01 PM
03-05-20,41-50,2,329,11/27/2020 02:15:01 PM
04-05-20,41-50,16,345,11/27/2020 02:15:01 PM
05-05-20,41-50,14,359,11/27/2020 02:15:01 PM
06-05-20,41-50,7,366,11/27/2020 02:15:01 PM
07-05-20,41-50,6,372,11/27/2020 02:15:01 PM
08-05-20,41-50,7,379,11/27/2020 02:15:01 PM
09-05-20,41-50,0,379,11/27/2020 02:15:01 PM
10-05-20,41-50,1,380,11/27/2020 02:15:01 PM
11-05-20,41-50,4,384,11/27/2020 02:15:01 PM
12-05-20,41-50,6,390,11/27/2020 02:15:01 PM
13-05-20,41-50,9,399,11/27/2020 02:15:01 PM
14-05-20,41-50,4,403,11/27/2020 02:15:01 PM
15-05-20,41-50,6,409,11/27/2020 02:15:01 PM
16-05-20,41-50,1,410,11/27/2020 02:15:01 PM
17-05-20,41-50,0,410,11/27/2020 02:15:01 PM
18-05-20,41-50,6,416,11/27/2020 02:15:01 PM
19-05-20,41-50,6,422,11/27/2020 02:15:01 PM
20-05-20,41-50,12,434,11/27/2020 02:15:01 PM
21-05-20,41-50,4,438,11/27/2020 02:15:01 PM
22-05-20,41-50,5,443,11/27/2020 02:15:01 PM
23-05-20,41-50,1,444,11/27/2020 02:15:01 PM
24-05-20,41-50,2,446,11/27/2020 02:15:01 PM
25-05-20,41-50,2,448,11/27/2020 02:15:01 PM
26-05-20,41-50,5,453,11/27/2020 02:15:01 PM
27-05-20,41-50,2,455,11/27/2020 02:15:01 PM
28-05-20,41-50,3,458,11/27/2020 02:15:01 PM
29-05-20,41-50,6,464,11/27/2020 02:15:01 PM
30-05-20,41-50,3,467,11/27/2020 02:15:01 PM
31-05-20,41-50,4,471,11/27/2020 02:15:01 PM
01-06-20,41-50,8,479,11/27/2020 02:15:01 PM
02-06-20,41-50,9,488,11/27/2020 02:15:01 PM
03-06-20,41-50,2,490,11/27/2020 02:15:01 PM
04-06-20,41-50,2,492,11/27/2020 02:15:01 PM
05-06-20,41-50,3,495,11/27/2020 02:15:01 PM
06-06-20,41-50,6,501,11/27/2020 02:15:01 PM
07-06-20,41-50,5,506,11/27/2020 02:15:01 PM
08-06-20,41-50,6,512,11/27/2020 02:15:01 PM
09-06-20,41-50,8,520,11/27/2020 02:15:01 PM
10-06-20,41-50,7,527,11/27/2020 02:15:01 PM
11-06-20,41-50,4,531,11/27/2020 02:15:01 PM
12-06-20,41-50,6,537,11/27/2020 02:15:01 PM
13-06-20,41-50,4,541,11/27/2020 02:15:01 PM
14-06-20,41-50,3,544,11/27/2020 02:15:01 PM
15-06-20,41-50,5,549,11/27/2020 02:15:01 PM
16-06-20,41-50,9,558,11/27/2020 02:15:01 PM
17-06-20,41-50,7,565,11/27/2020 02:15:01 PM
18-06-20,41-50,9,574,11/27/2020 02:15:01 PM
19-06-20,41-50,6,580,11/27/2020 02:15:01 PM
20-06-20,41-50,8,588,11/27/2020 02:15:01 PM
21-06-20,41-50,6,594,11/27/2020 02:15:01 PM
22-06-20,41-50,15,609,11/27/2020 02:15:01 PM
23-06-20,41-50,15,624,11/27/2020 02:15:01 PM
24-06-20,41-50,10,634,11/27/2020 02:15:01 PM
25-06-20,41-50,4,638,11/27/2020 02:15:01 PM
26-06-20,41-50,5,643,11/27/2020 02:15:01 PM
27-06-20,41-50,4,647,11/27/2020 02:15:01 PM
28-06-20,41-50,3,650,11/27/2020 02:15:01 PM
29-06-20,41-50,14,664,11/27/2020 02:15:01 PM
30-06-20,41-50,13,677,11/27/2020 02:15:01 PM
01-07-20,41-50,8,685,11/27/2020 02:15:01 PM
02-07-20,41-50,15,700,11/27/2020 02:15:01 PM
03-07-20,41-50,23,723,11/27/2020 02:15:01 PM
04-07-20,41-50,0,723,11/27/2020 02:15:01 PM
05-07-20,41-50,8,731,11/27/2020 02:15:01 PM
06-07-20,41-50,15,746,11/27/2020 02:15:01 PM
07-07-20,41-50,13,759,11/27/2020 02:15:01 PM
08-07-20,41-50,16,775,11/27/2020 02:15:01 PM
09-07-20,41-50,9,784,11/27/2020 02:15:01 PM
10-07-20,41-50,24,808,11/27/2020 02:15:01 PM
11-07-20,41-50,12,820,11/27/2020 02:15:01 PM
12-07-20,41-50,13,833,11/27/2020 02:15:01 PM
13-07-20,41-50,19,852,11/27/2020 02:15:01 PM
14-07-20,41-50,23,875,11/27/2020 02:15:01 PM
15-07-20,41-50,20,895,11/27/2020 02:15:01 PM
16-07-20,41-50,31,926,11/27/2020 02:15:01 PM
17-07-20,41-50,23,949,11/27/2020 02:15:01 PM
18-07-20,41-50,8,957,11/27/2020 02:15:01 PM
19-07-20,41-50,17,974,11/27/2020 02:15:01 PM
20-07-20,41-50,25,999,11/27/2020 02:15:01 PM
21-07-20,41-50,21,1020,11/27/2020 02:15:01 PM
22-07-20,41-50,21,1041,11/27/2020 02:15:01 PM
23-07-20,41-50,22,1063,11/27/2020 02:15:01 PM
24-07-20,41-50,26,1089,11/27/2020 02:15:01 PM
25-07-20,41-50,12,1101,11/27/2020 02:15:01 PM
26-07-20,41-50,6,1107,11/27/2020 02:15:01 PM
27-07-20,41-50,13,1120,11/27/2020 02:15:01 PM
28-07-20,41-50,15,1135,11/27/2020 02:15:01 PM
29-07-20,41-50,23,1158,11/27/2020 02:15:01 PM
30-07-20,41-50,23,1181,11/27/2020 02:15:01 PM
31-07-20,41-50,19,1200,11/27/2020 02:15:01 PM
01-08-20,41-50,8,1208,11/27/2020 02:15:01 PM
02-08-20,41-50,3,1211,11/27/2020 02:15:01 PM
03-08-20,41-50,12,1223,11/27/2020 02:15:01 PM
04-08-20,41-50,13,1236,11/27/2020 02:15:01 PM
05-08-20,41-50,21,1257,11/27/2020 02:15:01 PM
06-08-20,41-50,16,1273,11/27/2020 02:15:01 PM
07-08-20,41-50,27,1300,11/27/2020 02:15:01 PM
08-08-20,41-50,13,1313,11/27/2020 02:15:01 PM
09-08-20,41-50,8,1321,11/27/2020 02:15:01 PM
10-08-20,41-50,11,1332,11/27/2020 02:15:01 PM
11-08-20,41-50,19,1351,11/27/2020 02:15:01 PM
12-08-20,41-50,20,1371,11/27/2020 02:15:01 PM
13-08-20,41-50,22,1393,11/27/2020 02:15:01 PM
14-08-20,41-50,20,1413,11/27/2020 02:15:01 PM
15-08-20,41-50,8,1421,11/27/2020 02:15:01 PM
16-08-20,41-50,4,1425,11/27/2020 02:15:01 PM
17-08-20,41-50,12,1437,11/27/2020 02:15:01 PM
18-08-20,41-50,13,1450,11/27/2020 02:15:01 PM
19-08-20,41-50,10,1460,11/27/2020 02:15:01 PM
20-08-20,41-50,16,1476,11/27/2020 02:15:01 PM
21-08-20,41-50,7,1483,11/27/2020 02:15:01 PM
22-08-20,41-50,6,1489,11/27/2020 02:15:01 PM
23-08-20,41-50,5,1494,11/27/2020 02:15:01 PM
24-08-20,41-50,13,1507,11/27/2020 02:15:01 PM
25-08-20,41-50,11,1518,11/27/2020 02:15:01 PM
26-08-20,41-50,8,1526,11/27/2020 02:15:01 PM
27-08-20,41-50,15,1541,11/27/2020 02:15:01 PM
28-08-20,41-50,6,1547,11/27/2020 02:15:01 PM
29-08-20,41-50,7,1554,11/27/2020 02:15:01 PM
30-08-20,41-50,1,1555,11/27/2020 02:15:01 PM
31-08-20,41-50,14,1569,11/27/2020 02:15:01 PM
01-09-20,41-50,11,1580,11/27/2020 02:15:01 PM
02-09-20,41-50,11,1591,11/27/2020 02:15:01 PM
03-09-20,41-50,14,1605,11/27/2020 02:15:01 PM
04-09-20,41-50,10,1615,11/27/2020 02:15:01 PM
05-09-20,41-50,2,1617,11/27/2020 02:15:01 PM
06-09-20,41-50,2,1619,11/27/2020 02:15:01 PM
07-09-20,41-50,4,1623,11/27/2020 02:15:01 PM
08-09-20,41-50,13,1636,11/27/2020 02:15:01 PM
09-09-20,41-50,13,1649,11/27/2020 02:15:01 PM
10-09-20,41-50,9,1658,11/27/2020 02:15:01 PM
11-09-20,41-50,14,1672,11/27/2020 02:15:01 PM
12-09-20,41-50,1,1673,11/27/2020 02:15:01 PM
13-09-20,41-50,3,1676,11/27/2020 02:15:01 PM
14-09-20,41-50,14,1690,11/27/2020 02:15:01 PM
15-09-20,41-50,12,1702,11/27/2020 02:15:01 PM
16-09-20,41-50,15,1717,11/27/2020 02:15:01 PM
17-09-20,41-50,11,1728,11/27/2020 02:15:01 PM
18-09-20,41-50,11,1739,11/27/2020 02:15:01 PM
19-09-20,41-50,6,1745,11/27/2020 02:15:01 PM
20-09-20,41-50,3,1748,11/27/2020 02:15:01 PM
21-09-20,41-50,9,1757,11/27/2020 02:15:01 PM
22-09-20,41-50,5,1762,11/27/2020 02:15:01 PM
23-09-20,41-50,13,1775,11/27/2020 02:15:01 PM
24-09-20,41-50,11,1786,11/27/2020 02:15:01 PM
25-09-20,41-50,13,1799,11/27/2020 02:15:01 PM
26-09-20,41-50,5,1804,11/27/2020 02:15:01 PM
27-09-20,41-50,3,1807,11/27/2020 02:15:01 PM
28-09-20,41-50,8,1815,11/27/2020 02:15:01 PM
29-09-20,41-50,6,1821,11/27/2020 02:15:01 PM
30-09-20,41-50,2,1823,11/27/2020 02:15:01 PM
01-10-20,41-50,3,1826,11/27/2020 02:15:01 PM
02-10-20,41-50,4,1830,11/27/2020 02:15:01 PM
03-10-20,41-50,2,1832,11/27/2020 02:15:01 PM
04-10-20,41-50,3,1835,11/27/2020 02:15:01 PM
05-10-20,41-50,3,1838,11/27/2020 02:15:01 PM
06-10-20,41-50,3,1841,11/27/2020 02:15:01 PM
07-10-20,41-50,5,1846,11/27/2020 02:15:01 PM
08-10-20,41-50,9,1855,11/27/2020 02:15:01 PM
09-10-20,41-50,8,1863,11/27/2020 02:15:01 PM
10-10-20,41-50,2,1865,11/27/2020 02:15:01 PM
11-10-20,41-50,3,1868,11/27/2020 02:15:01 PM
12-10-20,41-50,4,1872,11/27/2020 02:15:01 PM
13-10-20,41-50,5,1877,11/27/2020 02:15:01 PM
14-10-20,41-50,7,1884,11/27/2020 02:15:01 PM
15-10-20,41-50,5,1889,11/27/2020 02:15:01 PM
16-10-20,41-50,6,1895,11/27/2020 02:15:01 PM
17-10-20,41-50,4,1899,11/27/2020 02:15:01 PM
18-10-20,41-50,2,1901,11/27/2020 02:15:01 PM
19-10-20,41-50,1,1902,11/27/2020 02:15:01 PM
20-10-20,41-50,5,1907,11/27/2020 02:15:01 PM
21-10-20,41-50,3,1910,11/27/2020 02:15:01 PM
22-10-20,41-50,9,1919,11/27/2020 02:15:01 PM
23-10-20,41-50,8,1927,11/27/2020 02:15:01 PM
24-10-20,41-50,6,1933,11/27/2020 02:15:01 PM
25-10-20,41-50,2,1935,11/27/2020 02:15:01 PM
26-10-20,41-50,4,1939,11/27/2020 02:15:01 PM
27-10-20,41-50,7,1946,11/27/2020 02:15:01 PM
28-10-20,41-50,5,1951,11/27/2020 02:15:01 PM
29-10-20,41-50,9,1960,11/27/2020 02:15:01 PM
30-10-20,41-50,7,1967,11/27/2020 02:15:01 PM
31-10-20,41-50,4,1971,11/27/2020 02:15:01 PM
01-11-20,41-50,7,1978,11/27/2020 02:15:01 PM
02-11-20,41-50,15,1993,11/27/2020 02:15:01 PM
03-11-20,41-50,17,2010,11/27/2020 02:15:01 PM
04-11-20,41-50,15,2025,11/27/2020 02:15:01 PM
05-11-20,41-50,19,2044,11/27/2020 02:15:01 PM
06-11-20,41-50,12,2056,11/27/2020 02:15:01 PM
07-11-20,41-50,10,2066,11/27/2020 02:15:01 PM
08-11-20,41-50,1,2067,11/27/2020 02:15:01 PM
09-11-20,41-50,16,2083,11/27/2020 02:15:01 PM
10-11-20,41-50,19,2102,11/27/2020 02:15:01 PM
11-11-20,41-50,12,2114,11/27/2020 02:15:01 PM
12-11-20,41-50,22,2136,11/27/2020 02:15:01 PM
13-11-20,41-50,15,2151,11/27/2020 02:15:01 PM
14-11-20,41-50,10,2161,11/27/2020 02:15:01 PM
15-11-20,41-50,14,2175,11/27/2020 02:15:01 PM
16-11-20,41-50,21,2196,11/27/2020 02:15:01 PM
17-11-20,41-50,16,2212,11/27/2020 02:15:01 PM
18-11-20,41-50,20,2232,11/27/2020 02:15:01 PM
19-11-20,41-50,18,2250,11/27/2020 02:15:01 PM
20-11-20,41-50,24,2274,11/27/2020 02:15:01 PM
21-11-20,41-50,17,2291,11/27/2020 02:15:01 PM
22-11-20,41-50,11,2302,11/27/2020 02:15:01 PM
23-11-20,41-50,28,2330,11/27/2020 02:15:01 PM
24-11-20,41-50,14,2344,11/27/2020 02:15:01 PM
25-11-20,41-50,10,2354,11/27/2020 02:15:01 PM
26-11-20,41-50,0,2354,11/27/2020 02:15:01 PM
16-03-20,61-70,4,7,11/27/2020 02:15:01 PM
17-03-20,61-70,1,8,11/27/2020 02:15:01 PM
18-03-20,61-70,1,9,11/27/2020 02:15:01 PM
19-03-20,61-70,1,10,11/27/2020 02:15:01 PM
20-03-20,61-70,6,16,11/27/2020 02:15:01 PM
21-03-20,61-70,1,17,11/27/2020 02:15:01 PM
22-03-20,61-70,3,20,11/27/2020 02:15:01 PM
23-03-20,61-70,3,23,11/27/2020 02:15:01 PM
24-03-20,61-70,4,27,11/27/2020 02:15:01 PM
25-03-20,61-70,8,35,11/27/2020 02:15:01 PM
26-03-20,61-70,6,41,11/27/2020 02:15:01 PM
27-03-20,61-70,5,46,11/27/2020 02:15:01 PM
28-03-20,61-70,3,49,11/27/2020 02:15:01 PM
29-03-20,61-70,1,50,11/27/2020 02:15:01 PM
30-03-20,61-70,8,58,11/27/2020 02:15:01 PM
31-03-20,61-70,6,64,11/27/2020 02:15:01 PM
01-04-20,61-70,4,68,11/27/2020 02:15:01 PM
02-04-20,61-70,4,72,11/27/2020 02:15:01 PM
03-04-20,61-70,3,75,11/27/2020 02:15:01 PM
04-04-20,61-70,0,75,11/27/2020 02:15:01 PM
05-04-20,61-70,4,79,11/27/2020 02:15:01 PM
06-04-20,61-70,8,87,11/27/2020 02:15:01 PM
07-04-20,61-70,4,91,11/27/2020 02:15:01 PM
08-04-20,61-70,8,99,11/27/2020 02:15:01 PM
09-04-20,61-70,11,110,11/27/2020 02:15:01 PM
10-04-20,61-70,3,113,11/27/2020 02:15:01 PM
11-04-20,61-70,3,116,11/27/2020 02:15:01 PM
12-04-20,61-70,1,117,11/27/2020 02:15:01 PM
13-04-20,61-70,6,123,11/27/2020 02:15:01 PM
14-04-20,61-70,6,129,11/27/2020 02:15:01 PM
15-04-20,61-70,8,137,11/27/2020 02:15:01 PM
16-04-20,61-70,2,139,11/27/2020 02:15:01 PM
17-04-20,61-70,3,142,11/27/2020 02:15:01 PM
18-04-20,61-70,1,143,11/27/2020 02:15:01 PM
19-04-20,61-70,6,149,11/27/2020 02:15:01 PM
20-04-20,61-70,4,153,11/27/2020 02:15:01 PM
21-04-20,61-70,4,157,11/27/2020 02:15:01 PM
22-04-20,61-70,7,164,11/27/2020 02:15:01 PM
23-04-20,61-70,8,172,11/27/2020 02:15:01 PM
24-04-20,61-70,2,174,11/27/2020 02:15:01 PM
25-04-20,61-70,3,177,11/27/2020 02:15:01 PM
26-04-20,61-70,2,179,11/27/2020 02:15:01 PM
27-04-20,61-70,3,182,11/27/2020 02:15:01 PM
28-04-20,61-70,2,184,11/27/2020 02:15:01 PM
29-04-20,61-70,7,191,11/27/2020 02:15:01 PM
30-04-20,61-70,4,195,11/27/2020 02:15:01 PM
01-05-20,61-70,2,197,11/27/2020 02:15:01 PM
02-05-20,61-70,5,202,11/27/2020 02:15:01 PM
03-05-20,61-70,0,202,11/27/2020 02:15:01 PM
04-05-20,61-70,3,205,11/27/2020 02:15:01 PM
05-05-20,61-70,1,206,11/27/2020 02:15:01 PM
06-05-20,61-70,2,208,11/27/2020 02:15:01 PM
07-05-20,61-70,1,209,11/27/2020 02:15:01 PM
08-05-20,61-70,3,212,11/27/2020 02:15:01 PM
09-05-20,61-70,1,213,11/27/2020 02:15:01 PM
10-05-20,61-70,0,213,11/27/2020 02:15:01 PM
11-05-20,61-70,1,214,11/27/2020 02:15:01 PM
12-05-20,61-70,2,216,11/27/2020 02:15:01 PM
13-05-20,61-70,2,218,11/27/2020 02:15:01 PM
14-05-20,61-70,3,221,11/27/2020 02:15:01 PM
15-05-20,61-70,3,224,11/27/2020 02:15:01 PM
16-05-20,61-70,1,225,11/27/2020 02:15:01 PM
17-05-20,61-70,1,226,11/27/2020 02:15:01 PM
18-05-20,61-70,1,227,11/27/2020 02:15:01 PM
19-05-20,61-70,0,227,11/27/2020 02:15:01 PM
20-05-20,61-70,2,229,11/27/2020 02:15:01 PM
21-05-20,61-70,1,230,11/27/2020 02:15:01 PM
22-05-20,61-70,0,230,11/27/2020 02:15:01 PM
23-05-20,61-70,2,232,11/27/2020 02:15:01 PM
24-05-20,61-70,0,232,11/27/2020 02:15:01 PM
25-05-20,61-70,1,233,11/27/2020 02:15:01 PM
26-05-20,61-70,0,233,11/27/2020 02:15:01 PM
27-05-20,61-70,1,234,11/27/2020 02:15:01 PM
28-05-20,61-70,1,235,11/27/2020 02:15:01 PM
29-05-20,61-70,1,236,11/27/2020 02:15:01 PM
30-05-20,61-70,2,238,11/27/2020 02:15:01 PM
31-05-20,61-70,3,241,11/27/2020 02:15:01 PM
01-06-20,61-70,2,243,11/27/2020 02:15:01 PM
02-06-20,61-70,3,246,11/27/2020 02:15:01 PM
03-06-20,61-70,3,249,11/27/2020 02:15:01 PM
04-06-20,61-70,3,252,11/27/2020 02:15:01 PM
05-06-20,61-70,3,255,11/27/2020 02:15:01 PM
06-06-20,61-70,1,256,11/27/2020 02:15:01 PM
07-06-20,61-70,1,257,11/27/2020 02:15:01 PM
08-06-20,61-70,2,259,11/27/2020 02:15:01 PM
09-06-20,61-70,1,260,11/27/2020 02:15:01 PM
10-06-20,61-70,0,260,11/27/2020 02:15:01 PM
11-06-20,61-70,2,262,11/27/2020 02:15:01 PM
12-06-20,61-70,5,267,11/27/2020 02:15:01 PM
13-06-20,61-70,1,268,11/27/2020 02:15:01 PM
14-06-20,61-70,0,268,11/27/2020 02:15:01 PM
15-06-20,61-70,1,269,11/27/2020 02:15:01 PM
16-06-20,61-70,3,272,11/27/2020 02:15:01 PM
17-06-20,61-70,1,273,11/27/2020 02:15:01 PM
18-06-20,61-70,2,275,11/27/2020 02:15:01 PM
19-06-20,61-70,4,279,11/27/2020 02:15:01 PM
20-06-20,61-70,1,280,11/27/2020 02:15:01 PM
21-06-20,61-70,1,281,11/27/2020 02:15:01 PM
22-06-20,61-70,5,286,11/27/2020 02:15:01 PM
23-06-20,61-70,6,292,11/27/2020 02:15:01 PM
24-06-20,61-70,3,295,11/27/2020 02:15:01 PM
25-06-20,61-70,1,296,11/27/2020 02:15:01 PM
26-06-20,61-70,6,302,11/27/2020 02:15:01 PM
27-06-20,61-70,4,306,11/27/2020 02:15:01 PM
28-06-20,61-70,2,308,11/27/2020 02:15:01 PM
29-06-20,61-70,3,311,11/27/2020 02:15:01 PM
30-06-20,61-70,5,316,11/27/2020 02:15:01 PM
01-07-20,61-70,4,320,11/27/2020 02:15:01 PM
02-07-20,61-70,4,324,11/27/2020 02:15:01 PM
03-07-20,61-70,0,324,11/27/2020 02:15:01 PM
04-07-20,61-70,0,324,11/27/2020 02:15:01 PM
05-07-20,61-70,2,326,11/27/2020 02:15:01 PM
06-07-20,61-70,6,332,11/27/2020 02:15:01 PM
07-07-20,61-70,5,337,11/27/2020 02:15:01 PM
08-07-20,61-70,7,344,11/27/2020 02:15:01 PM
09-07-20,61-70,3,347,11/27/2020 02:15:01 PM
10-07-20,61-70,9,356,11/27/2020 02:15:01 PM
11-07-20,61-70,5,361,11/27/2020 02:15:01 PM
12-07-20,61-70,4,365,11/27/2020 02:15:01 PM
13-07-20,61-70,9,374,11/27/2020 02:15:01 PM
14-07-20,61-70,11,385,11/27/2020 02:15:01 PM
15-07-20,61-70,9,394,11/27/2020 02:15:01 PM
16-07-20,61-70,7,401,11/27/2020 02:15:01 PM
17-07-20,61-70,8,409,11/27/2020 02:15:01 PM
18-07-20,61-70,4,413,11/27/2020 02:15:01 PM
19-07-20,61-70,4,417,11/27/2020 02:15:01 PM
20-07-20,61-70,9,426,11/27/2020 02:15:01 PM
21-07-20,61-70,12,438,11/27/2020 02:15:01 PM
22-07-20,61-70,8,446,11/27/2020 02:15:01 PM
23-07-20,61-70,6,452,11/27/2020 02:15:01 PM
24-07-20,61-70,7,459,11/27/2020 02:15:01 PM
25-07-20,61-70,3,462,11/27/2020 02:15:01 PM
26-07-20,61-70,3,465,11/27/2020 02:15:01 PM
27-07-20,61-70,3,468,11/27/2020 02:15:01 PM
28-07-20,61-70,8,476,11/27/2020 02:15:01 PM
29-07-20,61-70,8,484,11/27/2020 02:15:01 PM
30-07-20,61-70,11,495,11/27/2020 02:15:01 PM
31-07-20,61-70,11,506,11/27/2020 02:15:01 PM
01-08-20,61-70,3,509,11/27/2020 02:15:01 PM
02-08-20,61-70,2,511,11/27/2020 02:15:01 PM
03-08-20,61-70,10,521,11/27/2020 02:15:01 PM
04-08-20,61-70,7,528,11/27/2020 02:15:01 PM
05-08-20,61-70,6,534,11/27/2020 02:15:01 PM
06-08-20,61-70,2,536,11/27/2020 02:15:01 PM
07-08-20,61-70,7,543,11/27/2020 02:15:01 PM
08-08-20,61-70,3,546,11/27/2020 02:15:01 PM
09-08-20,61-70,1,547,11/27/2020 02:15:01 PM
10-08-20,61-70,6,553,11/27/2020 02:15:01 PM
11-08-20,61-70,3,556,11/27/2020 02:15:01 PM
12-08-20,61-70,5,561,11/27/2020 02:15:01 PM
13-08-20,61-70,6,567,11/27/2020 02:15:01 PM
14-08-20,61-70,5,572,11/27/2020 02:15:01 PM
15-08-20,61-70,5,577,11/27/2020 02:15:01 PM
16-08-20,61-70,5,582,11/27/2020 02:15:01 PM
17-08-20,61-70,6,588,11/27/2020 02:15:01 PM
18-08-20,61-70,3,591,11/27/2020 02:15:01 PM
19-08-20,61-70,3,594,11/27/2020 02:15:01 PM
20-08-20,61-70,5,599,11/27/2020 02:15:01 PM
21-08-20,61-70,5,604,11/27/2020 02:15:01 PM
22-08-20,61-70,6,610,11/27/2020 02:15:01 PM
23-08-20,61-70,2,612,11/27/2020 02:15:01 PM
24-08-20,61-70,7,619,11/27/2020 02:15:01 PM
25-08-20,61-70,3,622,11/27/2020 02:15:01 PM
26-08-20,61-70,2,624,11/27/2020 02:15:01 PM
27-08-20,61-70,4,628,11/27/2020 02:15:01 PM
28-08-20,61-70,4,632,11/27/2020 02:15:01 PM
29-08-20,61-70,5,637,11/27/2020 02:15:01 PM
30-08-20,61-70,1,638,11/27/2020 02:15:01 PM
31-08-20,61-70,6,644,11/27/2020 02:15:01 PM
01-09-20,61-70,4,648,11/27/2020 02:15:01 PM
02-09-20,61-70,8,656,11/27/2020 02:15:01 PM
03-09-20,61-70,3,659,11/27/2020 02:15:01 PM
04-09-20,61-70,6,665,11/27/2020 02:15:01 PM
05-09-20,61-70,6,671,11/27/2020 02:15:01 PM
06-09-20,61-70,1,672,11/27/2020 02:15:01 PM
07-09-20,61-70,5,677,11/27/2020 02:15:01 PM
08-09-20,61-70,4,681,11/27/2020 02:15:01 PM
09-09-20,61-70,7,688,11/27/2020 02:15:01 PM
10-09-20,61-70,5,693,11/27/2020 02:15:01 PM
11-09-20,61-70,10,703,11/27/2020 02:15:01 PM
12-09-20,61-70,5,708,11/27/2020 02:15:01 PM
13-09-20,61-70,0,708,11/27/2020 02:15:01 PM
14-09-20,61-70,5,713,11/27/2020 02:15:01 PM
15-09-20,61-70,6,719,11/27/2020 02:15:01 PM
16-09-20,61-70,9,728,11/27/2020 02:15:01 PM
17-09-20,61-70,2,730,11/27/2020 02:15:01 PM
18-09-20,61-70,5,735,11/27/2020 02:15:01 PM
19-09-20,61-70,1,736,11/27/2020 02:15:01 PM
20-09-20,61-70,2,738,11/27/2020 02:15:01 PM
21-09-20,61-70,3,741,11/27/2020 02:15:01 PM
22-09-20,61-70,3,744,11/27/2020 02:15:01 PM
23-09-20,61-70,2,746,11/27/2020 02:15:01 PM
24-09-20,61-70,2,748,11/27/2020 02:15:01 PM
25-09-20,61-70,4,752,11/27/2020 02:15:01 PM
26-09-20,61-70,2,754,11/27/2020 02:15:01 PM
27-09-20,61-70,1,755,11/27/2020 02:15:01 PM
28-09-20,61-70,3,758,11/27/2020 02:15:01 PM
29-09-20,61-70,4,762,11/27/2020 02:15:01 PM
30-09-20,61-70,6,768,11/27/2020 02:15:01 PM
01-10-20,61-70,4,772,11/27/2020 02:15:01 PM
02-10-20,61-70,2,774,11/27/2020 02:15:01 PM
03-10-20,61-70,2,776,11/27/2020 02:15:01 PM
04-10-20,61-70,0,776,11/27/2020 02:15:01 PM
05-10-20,61-70,2,778,11/27/2020 02:15:01 PM
06-10-20,61-70,3,781,11/27/2020 02:15:01 PM
07-10-20,61-70,0,781,11/27/2020 02:15:01 PM
08-10-20,61-70,0,781,11/27/2020 02:15:01 PM
09-10-20,61-70,3,784,11/27/2020 02:15:01 PM
10-10-20,61-70,0,784,11/27/2020 02:15:01 PM
11-10-20,61-70,0,784,11/27/2020 02:15:01 PM
12-10-20,61-70,3,787,11/27/2020 02:15:01 PM
13-10-20,61-70,5,792,11/27/2020 02:15:01 PM
14-10-20,61-70,2,794,11/27/2020 02:15:01 PM
15-10-20,61-70,2,796,11/27/2020 02:15:01 PM
16-10-20,61-70,4,800,11/27/2020 02:15:01 PM
17-10-20,61-70,1,801,11/27/2020 02:15:01 PM
18-10-20,61-70,0,801,11/27/2020 02:15:01 PM
19-10-20,61-70,4,805,11/27/2020 02:15:01 PM
20-10-20,61-70,3,808,11/27/2020 02:15:01 PM
21-10-20,61-70,0,808,11/27/2020 02:15:01 PM
22-10-20,61-70,2,810,11/27/2020 02:15:01 PM
23-10-20,61-70,4,814,11/27/2020 02:15:01 PM
24-10-20,61-70,0,814,11/27/2020 02:15:01 PM
25-10-20,61-70,2,816,11/27/2020 02:15:01 PM
26-10-20,61-70,2,818,11/27/2020 02:15:01 PM
27-10-20,61-70,7,825,11/27/2020 02:15:01 PM
28-10-20,61-70,3,828,11/27/2020 02:15:01 PM
29-10-20,61-70,4,832,11/27/2020 02:15:01 PM
30-10-20,61-70,3,835,11/27/2020 02:15:01 PM
31-10-20,61-70,2,837,11/27/2020 02:15:01 PM
01-11-20,61-70,1,838,11/27/2020 02:15:01 PM
02-11-20,61-70,4,842,11/27/2020 02:15:01 PM
03-11-20,61-70,1,843,11/27/2020 02:15:01 PM
04-11-20,61-70,10,853,11/27/2020 02:15:01 PM
05-11-20,61-70,8,861,11/27/2020 02:15:01 PM
06-11-20,61-70,4,865,11/27/2020 02:15:01 PM
07-11-20,61-70,3,868,11/27/2020 02:15:01 PM
08-11-20,61-70,2,870,11/27/2020 02:15:01 PM
09-11-20,61-70,9,879,11/27/2020 02:15:01 PM
10-11-20,61-70,6,885,11/27/2020 02:15:01 PM
11-11-20,61-70,3,888,11/27/2020 02:15:01 PM
12-11-20,61-70,11,899,11/27/2020 02:15:01 PM
13-11-20,61-70,5,904,11/27/2020 02:15:01 PM
14-11-20,61-70,1,905,11/27/2020 02:15:01 PM
15-11-20,61-70,6,911,11/27/2020 02:15:01 PM
16-11-20,61-70,11,922,11/27/2020 02:15:01 PM
17-11-20,61-70,6,928,11/27/2020 02:15:01 PM
18-11-20,61-70,13,941,11/27/2020 02:15:01 PM
19-11-20,61-70,8,949,11/27/2020 02:15:01 PM
20-11-20,61-70,9,958,11/27/2020 02:15:01 PM
21-11-20,61-70,7,965,11/27/2020 02:15:01 PM
22-11-20,61-70,5,970,11/27/2020 02:15:01 PM
23-11-20,61-70,10,980,11/27/2020 02:15:01 PM
24-11-20,61-70,6,986,11/27/2020 02:15:01 PM
25-11-20,61-70,4,990,11/27/2020 02:15:01 PM
26-11-20,61-70,0,990,11/27/2020 02:15:01 PM
