Date,Location,Positive,Tested,Symptomatic,Asymptomatic,Sym-unknown,Hosp_require,Hosp_mild,Hosp_severe,Hosp_unknown,Hosp_waiting,Discharged,Fatal
2020-02-06,Domestic,16,132.0,16.0,0.0,0.0,,9.0,0.0,3.0,0.0,4.0,0.0
2020-02-06,Returnee,9,566.0,5.0,4.0,0.0,,3.0,0.0,2.0,0.0,0.0,0.0
2020-02-07,Domestic,16,151.0,16.0,0.0,0.0,,12.0,0.0,0.0,0.0,4.0,0.0
2020-02-07,Returnee,9,566.0,6.0,3.0,0.0,,4.0,0.0,2.0,0.0,0.0,0.0
2020-02-10,Domestic,16,174.0,16.0,0.0,0.0,,7.0,0.0,0.0,0.0,9.0,0.0
2020-02-10,Returnee,10,764.0,7.0,3.0,0.0,,4.0,0.0,3.0,0.0,0.0,0.0
2020-02-12,Domestic,16,190.0,16.0,0.0,0.0,,6.0,0.0,0.0,0.0,10.0,0.0
2020-02-12,Returnee,12,764.0,9.0,3.0,0.0,,8.0,0.0,1.0,0.0,0.0,0.0
2020-02-13,Domestic,17,200.0,17.0,0.0,0.0,,6.0,0.0,0.0,0.0,11.0,0.0
2020-02-13,Returnee,12,764.0,9.0,3.0,0.0,,0.0,0.0,0.0,0.0,0.0,0.0
2020-02-14,Domestic,21,214.0,21.0,0.0,0.0,,9.0,0.0,1.0,0.0,11.0,0.0
2020-02-14,Returnee,12,764.0,9.0,3.0,0.0,,8.0,0.0,0.0,0.0,1.0,0.0
2020-02-17,Domestic,46,487.0,38.0,8.0,0.0,,17.0,3.0,4.0,0.0,13.0,1.0
2020-02-17,Returnee,13,764.0,9.0,4.0,0.0,,6.0,0.0,0.0,0.0,3.0,0.0
2020-02-18,Domestic,53,523.0,44.0,9.0,0.0,,25.0,3.0,3.0,0.0,12.0,1.0
2020-02-18,Returnee,13,764.0,9.0,4.0,0.0,,5.0,0.0,0.0,0.0,4.0,0.0
2020-02-19,Domestic,60,532.0,50.0,10.0,0.0,,25.0,6.0,4.0,0.0,14.0,1.0
2020-02-19,Returnee,13,764.0,9.0,4.0,0.0,,5.0,0.0,0.0,0.0,4.0,0.0
2020-02-20,Domestic,70,603.0,60.0,10.0,0.0,,24.0,7.0,12.0,0.0,16.0,1.0
2020-02-20,Returnee,14,829.0,10.0,4.0,0.0,,6.0,0.0,0.0,0.0,4.0,0.0
2020-02-21,Domestic,79,693.0,69.0,10.0,0.0,,29.0,9.0,14.0,0.0,16.0,1.0
2020-02-21,Returnee,14,829.0,10.0,4.0,0.0,,6.0,0.0,0.0,0.0,4.0,0.0
2020-02-22,Domestic,90,778.0,80.0,10.0,0.0,,32.0,10.0,20.0,0.0,17.0,1.0
2020-02-22,Returnee,15,829.0,11.0,4.0,0.0,,6.0,0.0,1.0,0.0,7.0,0.0
2020-02-23,Domestic,114,874.0,102.0,12.0,0.0,,42.0,11.0,31.0,0.0,17.0,1.0
2020-02-23,Returnee,15,829.0,11.0,4.0,0.0,,6.0,0.0,1.0,0.0,7.0,0.0
2020-02-24,Domestic,126,913.0,114.0,12.0,0.0,,52.0,13.0,31.0,0.0,17.0,1.0
2020-02-24,Returnee,15,829.0,11.0,4.0,0.0,,4.0,0.0,1.0,0.0,9.0,0.0
2020-02-25,Domestic,140,1017.0,128.0,12.0,1.0,,58.0,14.0,38.0,0.0,9.0,1.0
2020-02-25,Returnee,15,829.0,11.0,4.0,0.0,,4.0,0.0,1.0,0.0,9.0,0.0
2020-02-26,Domestic,149,1061.0,136.0,13.0,0.0,,63.0,15.0,35.0,0.0,23.0,1.0
2020-02-26,Returnee,15,829.0,11.0,4.0,0.0,,4.0,0.0,1.0,0.0,9.0,0.0
2020-02-27,Domestic,171,1229.0,156.0,15.0,0.0,,60.0,16.0,51.0,0.0,30.0,3.0
2020-02-27,Returnee,15,829.0,11.0,4.0,0.0,,4.0,0.0,1.0,0.0,10.0,0.0
2020-02-28,Domestic,195,1380.0,180.0,15.0,0.0,,73.0,20.0,57.0,0.0,30.0,4.0
2020-02-28,Returnee,15,829.0,11.0,4.0,0.0,,4.0,0.0,0.0,0.0,11.0,0.0
2020-02-29,Domestic,215,1510.0,197.0,18.0,0.0,,82.0,22.0,58.0,3.0,31.0,5.0
2020-02-29,Returnee,15,829.0,11.0,4.0,0.0,,0.0,0.0,0.0,0.0,15.0,0.0
2020-03-01,Domestic,224,1688.0,206.0,18.0,0.0,,90.0,23.0,56.0,5.0,31.0,5.0
2020-03-01,Returnee,15,829.0,11.0,4.0,0.0,,0.0,0.0,0.0,0.0,15.0,0.0
2020-03-02,Domestic,239,1784.0,221.0,18.0,0.0,,95.0,23.0,65.0,5.0,32.0,6.0
2020-03-02,Returnee,15,829.0,11.0,4.0,0.0,,0.0,0.0,0.0,0.0,15.0,0.0
2020-03-03,Domestic,253,1855.0,230.0,23.0,0.0,,98.0,24.0,65.0,11.0,35.0,6.0
2020-03-03,Returnee,15,829.0,11.0,4.0,0.0,,0.0,0.0,0.0,0.0,15.0,0.0
2020-03-04,Domestic,269,5690.0,246.0,23.0,0.0,,100.0,24.0,78.0,13.0,37.0,6.0
2020-03-04,Returnee,15,829.0,11.0,4.0,0.0,,0.0,0.0,0.0,0.0,15.0,0.0
2020-03-05,Domestic,302,5948.0,276.0,26.0,0.0,,102.0,27.0,102.0,14.0,38.0,6.0
2020-03-05,Airport,1,,1.0,0.0,0.0,,1.0,0.0,0.0,0.0,0.0,0.0
2020-03-05,Returnee,15,829.0,11.0,4.0,0.0,,0.0,0.0,0.0,0.0,15.0,0.0
2020-03-06,Domestic,333,6647.0,302.0,31.0,0.0,,139.0,30.0,68.0,20.0,56.0,6.0
2020-03-06,Airport,1,,1.0,0.0,0.0,,1.0,0.0,0.0,0.0,0.0,0.0
2020-03-06,Returnee,15,829.0,11.0,4.0,0.0,,0.0,0.0,0.0,0.0,15.0,0.0
2020-03-07,Domestic,392,7200.0,355.0,37.0,0.0,,176.0,28.0,82.0,13.0,63.0,6.0
2020-03-07,Airport,1,,1.0,0.0,0.0,,1.0,0.0,0.0,0.0,0.0,0.0
2020-03-07,Returnee,15,829.0,11.0,4.0,0.0,,0.0,0.0,0.0,0.0,15.0,0.0
2020-03-08,Domestic,439,7347.0,397.0,42.0,0.0,,193.0,27.0,102.0,15.0,67.0,6.0
2020-03-08,Airport,1,,1.0,0.0,0.0,,1.0,0.0,0.0,0.0,0.0,0.0
2020-03-08,Returnee,15,829.0,11.0,4.0,0.0,,0.0,0.0,0.0,0.0,15.0,0.0
2020-03-09,Domestic,472,7457.0,427.0,45.0,0.0,,179.0,33.0,121.0,12.0,88.0,7.0
2020-03-09,Airport,1,,1.0,0.0,0.0,,1.0,0.0,0.0,0.0,0.0,0.0
2020-03-09,Returnee,15,829.0,11.0,4.0,0.0,,0.0,0.0,0.0,0.0,15.0,0.0
2020-03-10,Domestic,498,8771.0,446.0,52.0,0.0,,196.0,31.0,120.0,17.0,89.0,9.0
2020-03-10,Airport,1,,1.0,0.0,0.0,,1.0,0.0,0.0,0.0,0.0,0.0
2020-03-10,Returnee,15,829.0,11.0,4.0,0.0,,0.0,0.0,0.0,0.0,15.0,0.0
2020-03-11,Domestic,552,9195.0,492.0,60.0,0.0,,194.0,26.0,161.0,16.0,103.0,12.0
2020-03-11,Airport,1,,1.0,0.0,0.0,,1.0,0.0,0.0,0.0,0.0,0.0
2020-03-11,Returnee,15,829.0,11.0,4.0,0.0,,0.0,0.0,0.0,0.0,15.0,0.0
2020-03-12,Domestic,608,9376.0,542.0,62.0,0.0,,229.0,29.0,166.0,15.0,108.0,15.0
2020-03-12,Airport,1,,1.0,0.0,0.0,,1.0,0.0,0.0,0.0,0.0,0.0
2020-03-12,Returnee,15,829.0,11.0,4.0,0.0,,0.0,0.0,0.0,0.0,15.0,0.0
2020-03-13,Domestic,659,11231.0,591.0,68.0,0.0,,268.0,32.0,158.0,15.0,120.0,19.0
2020-03-13,Airport,2,,1.0,1.0,0.0,,1.0,0.0,0.0,0.0,0.0,0.0
2020-03-13,Returnee,15,829.0,11.0,4.0,0.0,,0.0,0.0,0.0,0.0,15.0,0.0
2020-03-14,Domestic,699,12090.0,629.0,69.0,1.0,,292.0,35.0,161.0,14.0,129.0,21.0
2020-03-14,Airport,2,,1.0,1.0,0.0,,1.0,0.0,0.0,0.0,0.0,0.0
2020-03-14,Returnee,15,829.0,11.0,4.0,0.0,,0.0,0.0,0.0,0.0,15.0,0.0
2020-03-15,Domestic,762,12197.0,681.0,74.0,7.0,,298.0,36.0,190.0,17.0,142.0,22.0
2020-03-15,Airport,3,,1.0,2.0,0.0,,1.0,0.0,0.0,0.0,0.0,0.0
2020-03-15,Returnee,15,829.0,11.0,4.0,0.0,,0.0,0.0,0.0,0.0,15.0,0.0
2020-03-16,Domestic,794,12239.0,702.0,74.0,18.0,,300.0,41.0,194.0,20.0,149.0,24.0
2020-03-16,Airport,5,,1.0,4.0,0.0,,1.0,0.0,0.0,0.0,0.0,0.0
2020-03-16,Returnee,15,829.0,11.0,4.0,0.0,,0.0,0.0,0.0,0.0,15.0,0.0
2020-03-17,Domestic,809,12989.0,717.0,88.0,4.0,,317.0,46.0,182.0,16.0,156.0,28.0
2020-03-17,Airport,5,,1.0,4.0,0.0,,1.0,0.0,0.0,0.0,0.0,0.0
2020-03-17,Returnee,15,829.0,11.0,4.0,0.0,,0.0,0.0,0.0,0.0,15.0,0.0
2020-03-18,Domestic,853,13192.0,758.0,92.0,3.0,,337.0,46.0,187.0,14.0,176.0,29.0
2020-03-18,Airport,5,,1.0,4.0,0.0,,1.0,0.0,0.0,0.0,0.0,0.0
2020-03-18,Returnee,15,829.0,11.0,4.0,0.0,,0.0,0.0,0.0,0.0,15.0,0.0
2020-03-19,Domestic,892,14072.0,794.0,96.0,2.0,,356.0,49.0,175.0,15.0,200.0,31.0
2020-03-19,Airport,7,,1.0,6.0,0.0,,1.0,0.0,0.0,0.0,0.0,0.0
2020-03-19,Returnee,15,829.0,11.0,4.0,0.0,,0.0,0.0,0.0,0.0,15.0,0.0
2020-03-20,Domestic,928,18015.0,829.0,97.0,2.0,,373.0,50.0,182.0,14.0,212.0,33.0
2020-03-20,Airport,7,,1.0,6.0,0.0,,1.0,0.0,0.0,0.0,0.0,0.0
2020-03-20,Returnee,15,829.0,11.0,4.0,0.0,,0.0,0.0,0.0,0.0,15.0,0.0
2020-03-21,Domestic,981,18134.0,871.0,104.0,6.0,,402.0,55.0,185.0,13.0,217.0,35.0
2020-03-21,Airport,11,1137.0,2.0,9.0,0.0,,2.0,0.0,0.0,0.0,0.0,0.0
2020-03-21,Returnee,15,829.0,11.0,4.0,0.0,,0.0,0.0,0.0,0.0,15.0,0.0
2020-03-22,Domestic,1015,18226.0,907.0,105.0,3.0,,400.0,57.0,183.0,13.0,257.0,36.0
2020-03-22,Airport,16,1173.0,4.0,12.0,0.0,,4.0,0.0,0.0,2.0,0.0,0.0
2020-03-22,Returnee,15,829.0,11.0,4.0,0.0,,0.0,0.0,0.0,0.0,15.0,0.0
2020-03-23,Domestic,1057,18322.0,944.0,110.0,3.0,,423.0,54.0,187.0,10.0,260.0,41.0
2020-03-23,Airport,17,1189.0,5.0,12.0,0.0,,5.0,0.0,0.0,1.0,0.0,0.0
2020-03-23,Returnee,15,829.0,11.0,4.0,0.0,,0.0,0.0,0.0,0.0,15.0,0.0
2020-03-24,Domestic,1095,22184.0,980.0,110.0,5.0,,444.0,55.0,185.0,10.0,285.0,42.0
2020-03-24,Airport,18,1417.0,5.0,13.0,0.0,,4.0,0.0,0.0,0.0,1.0,0.0
2020-03-24,Returnee,15,829.0,11.0,4.0,0.0,,0.0,0.0,0.0,0.0,15.0,0.0
2020-03-25,Domestic,1160,21266.0,1039.0,113.0,8.0,,474.0,57.0,203.0,10.0,294.0,43.0
2020-03-25,Airport,18,1426.0,5.0,13.0,0.0,,4.0,0.0,0.0,0.0,1.0,0.0
2020-03-25,Returnee,15,829.0,11.0,4.0,0.0,,0.0,0.0,0.0,0.0,15.0,0.0
2020-03-26,Domestic,1254,22858.0,1119.0,127.0,8.0,,504.0,56.0,202.0,11.0,343.0,45.0
2020-03-26,Airport,23,1484.0,10.0,13.0,0.0,,9.0,0.0,0.0,0.0,1.0,0.0
2020-03-26,Returnee,15,829.0,11.0,4.0,0.0,,0.0,0.0,0.0,0.0,15.0,0.0
2020-03-27,Domestic,1349,24663.0,1191.0,131.0,27.0,,563.0,56.0,203.0,13.0,356.0,46.0
2020-03-27,Airport,23,1513.0,10.0,13.0,0.0,,9.0,0.0,0.0,0.0,1.0,0.0
2020-03-27,Returnee,15,829.0,11.0,4.0,0.0,,0.0,0.0,0.0,0.0,15.0,0.0
2020-03-28,Domestic,1453,26105.0,1251.0,134.0,68.0,,651.0,60.0,224.0,13.0,388.0,49.0
2020-03-28,Airport,31,1530.0,15.0,16.0,0.0,,30.0,0.0,0.0,0.0,1.0,0.0
2020-03-28,Returnee,15,829.0,11.0,4.0,0.0,,0.0,0.0,0.0,0.0,15.0,0.0
2020-03-29,Domestic,1647,26401.0,1352.0,162.0,133.0,,659.0,59.0,323.0,13.0,408.0,52.0
2020-03-29,Airport,31,1530.0,15.0,16.0,0.0,,30.0,0.0,0.0,0.0,1.0,0.0
2020-03-29,Returnee,15,829.0,11.0,4.0,0.0,,0.0,0.0,0.0,0.0,15.0,0.0
2020-03-30,Domestic,1820,26607.0,1420.0,190.0,210.0,,696.0,59.0,380.0,13.0,408.0,54.0
2020-03-30,Airport,31,1530.0,15.0,16.0,0.0,,30.0,0.0,0.0,0.0,1.0,0.0
2020-03-30,Returnee,15,829.0,11.0,4.0,0.0,,0.0,0.0,0.0,0.0,15.0,0.0
2020-03-31,Domestic,1887,30088.0,1466.0,195.0,226.0,,715.0,59.0,410.0,13.0,408.0,56.0
2020-03-31,Airport,51,1580.0,17.0,34.0,0.0,,50.0,0.0,0.0,0.0,1.0,0.0
2020-03-31,Returnee,15,829.0,11.0,4.0,0.0,,0.0,0.0,0.0,0.0,15.0,0.0
2020-04-01,Domestic,2107,32002.0,1594.0,202.0,311.0,,797.0,60.0,417.0,9.0,456.0,57.0
2020-04-01,Airport,56,1677.0,18.0,38.0,0.0,,55.0,0.0,0.0,0.0,1.0,0.0
2020-04-01,Returnee,15,829.0,11.0,4.0,0.0,,0.0,0.0,0.0,0.0,15.0,0.0
2020-04-02,Domestic,2306,32002.0,1693.0,227.0,386.0,,882.0,62.0,418.0,9.0,489.0,60.0
2020-04-02,Airport,60,1679.0,19.0,41.0,0.0,,59.0,0.0,0.0,0.0,1.0,0.0
2020-04-02,Returnee,15,829.0,11.0,4.0,0.0,,0.0,0.0,0.0,0.0,15.0,0.0
2020-04-03,Domestic,2541,36687.0,1808.0,241.0,492.0,,958.0,64.0,456.0,10.0,498.0,63.0
2020-04-03,Airport,61,1930.0,19.0,42.0,0.0,,60.0,0.0,0.0,0.0,1.0,0.0
2020-04-03,Returnee,15,829.0,11.0,4.0,0.0,,0.0,0.0,0.0,0.0,15.0,0.0
2020-04-04,Domestic,2855,39992.0,2017.0,265.0,573.0,,1183.0,69.0,389.0,13.0,559.0,69.0
2020-04-04,Airport,65,2061.0,23.0,42.0,0.0,,64.0,0.0,0.0,0.0,1.0,0.0
2020-04-04,Returnee,15,829.0,11.0,4.0,0.0,,0.0,0.0,0.0,0.0,15.0,0.0
2020-04-05,Domestic,3191,40263.0,2205.0,278.0,708.0,,1389.0,70.0,373.0,13.0,568.0,70.0
2020-04-05,Airport,65,3547.0,23.0,42.0,0.0,,64.0,0.0,0.0,0.0,1.0,0.0
2020-04-05,Returnee,15,829.0,11.0,4.0,0.0,,0.0,0.0,0.0,0.0,15.0,0.0
2020-04-06,Domestic,3569,40481.0,2395.0,289.0,885.0,,1551.0,79.0,386.0,20.0,575.0,73.0
2020-04-06,Airport,70,4862.0,23.0,47.0,0.0,,68.0,0.0,0.0,0.0,2.0,0.0
2020-04-06,Returnee,15,829.0,11.0,4.0,0.0,,0.0,0.0,0.0,0.0,15.0,0.0
2020-04-07,Domestic,3817,48357.0,2551.0,294.0,972.0,,1631.0,80.0,414.0,35.0,605.0,80.0
2020-04-07,Airport,74,6125.0,24.0,50.0,0.0,,72.0,0.0,0.0,0.0,2.0,0.0
2020-04-07,Returnee,15,829.0,11.0,4.0,0.0,,0.0,0.0,0.0,0.0,15.0,0.0
2020-04-08,Domestic,4168,52901.0,2771.0,306.0,1091.0,,1865.0,99.0,378.0,39.0,615.0,81.0
2020-04-08,Airport,74,7768.0,24.0,50.0,0.0,,72.0,0.0,0.0,0.0,2.0,0.0
2020-04-08,Returnee,15,829.0,11.0,4.0,0.0,,0.0,0.0,0.0,0.0,15.0,0.0
2020-04-09,Domestic,4667,54284.0,3069.0,335.0,1263.0,,2143.0,109.0,356.0,43.0,668.0,85.0
2020-04-09,Airport,86,9274.0,29.0,57.0,0.0,,84.0,0.0,0.0,0.0,2.0,0.0
2020-04-09,Returnee,15,829.0,11.0,4.0,0.0,,0.0,0.0,0.0,0.0,15.0,0.0
2020-04-10,Domestic,5246,57125.0,3445.0,363.0,1438.0,,2414.0,117.0,442.0,50.0,697.0,88.0
2020-04-10,Airport,86,10817.0,29.0,57.0,0.0,,84.0,0.0,0.0,0.0,2.0,0.0
2020-04-10,Returnee,15,829.0,11.0,4.0,0.0,,0.0,0.0,0.0,0.0,15.0,0.0
2020-04-11,Domestic,5902,61991.0,3874.0,387.0,1641.0,,2678.0,122.0,558.0,64.0,745.0,94.0
2020-04-11,Airport,88,12071.0,29.0,59.0,0.0,,86.0,0.0,0.0,0.0,2.0,0.0
2020-04-11,Returnee,15,829.0,11.0,4.0,0.0,,0.0,0.0,0.0,0.0,15.0,0.0
2020-04-12,Domestic,6616,63132.0,4257.0,420.0,1939.0,,3030.0,129.0,576.0,77.0,767.0,98.0
2020-04-12,Airport,117,13420.0,34.0,83.0,0.0,,115.0,0.0,0.0,0.0,2.0,0.0
2020-04-12,Returnee,15,829.0,11.0,4.0,0.0,,0.0,0.0,0.0,0.0,15.0,0.0
2020-04-13,Domestic,7123,63132.0,4507.0,444.0,2172.0,,3161.0,135.0,623.0,148.0,782.0,102.0
2020-04-13,Airport,117,14741.0,34.0,83.0,0.0,,115.0,0.0,0.0,0.0,2.0,0.0
2020-04-13,Returnee,15,829.0,11.0,4.0,0.0,,0.0,0.0,0.0,0.0,15.0,0.0
2020-04-14,Domestic,7509,72801.0,4749.0,470.0,2290.0,,3352.0,152.0,617.0,153.0,836.0,109.0
2020-04-14,Airport,121,15921.0,34.0,87.0,0.0,,119.0,0.0,0.0,0.0,2.0,0.0
2020-04-14,Returnee,15,829.0,11.0,4.0,0.0,,0.0,0.0,0.0,0.0,15.0,0.0
2020-04-15,Domestic,7964,76425.0,4991.0,490.0,2483.0,,3567.0,168.0,583.0,160.0,884.0,119.0
2020-04-15,Airport,121,16982.0,34.0,87.0,0.0,,119.0,0.0,0.0,0.0,2.0,0.0
2020-04-15,Returnee,15,829.0,11.0,4.0,0.0,,0.0,0.0,0.0,0.0,15.0,0.0
2020-04-16,Domestic,8442,81825.0,5309.0,513.0,2620.0,,3848.0,193.0,550.0,177.0,918.0,136.0
2020-04-16,Airport,125,18049.0,34.0,91.0,0.0,,123.0,0.0,0.0,0.0,2.0,0.0
2020-04-16,Returnee,15,829.0,11.0,4.0,0.0,,0.0,0.0,0.0,0.0,15.0,0.0
2020-04-17,Domestic,9027,86800.0,5693.0,539.0,2795.0,,4103.0,207.0,560.0,219.0,995.0,148.0
2020-04-17,Airport,125,18743.0,34.0,91.0,0.0,,123.0,0.0,0.0,0.0,2.0,0.0
2020-04-17,Returnee,15,829.0,11.0,4.0,0.0,,0.0,0.0,0.0,0.0,15.0,0.0
2020-04-18,Domestic,9654,91050.0,6011.0,564.0,3079.0,,4323.0,211.0,597.0,238.0,1052.0,154.0
2020-04-18,Airport,126,19446.0,34.0,92.0,0.0,,124.0,0.0,0.0,0.0,2.0,0.0
2020-04-18,Returnee,15,829.0,11.0,4.0,0.0,,0.0,0.0,0.0,0.0,15.0,0.0
2020-04-19,Domestic,10219,91695.0,6308.0,588.0,3323.0,,4528.0,217.0,581.0,267.0,1142.0,161.0
2020-04-19,Airport,127,20292.0,34.0,93.0,0.0,,125.0,0.0,0.0,0.0,2.0,0.0
2020-04-19,Returnee,15,829.0,11.0,4.0,0.0,,0.0,0.0,0.0,0.0,15.0,0.0
2020-04-20,Domestic,10608,94826.0,6611.0,606.0,3391.0,,4723.0,231.0,573.0,297.0,1222.0,171.0
2020-04-20,Airport,128,21070.0,34.0,94.0,0.0,,126.0,0.0,0.0,0.0,2.0,0.0
2020-04-20,Returnee,15,829.0,11.0,4.0,0.0,,0.0,0.0,0.0,0.0,15.0,0.0
2020-04-21,Domestic,10974,101818.0,6823.0,634.0,3517.0,,4794.0,232.0,599.0,307.0,1339.0,186.0
2020-04-21,Airport,130,21903.0,35.0,95.0,0.0,,128.0,0.0,0.0,0.0,2.0,0.0
2020-04-21,Returnee,15,829.0,11.0,4.0,0.0,,0.0,0.0,0.0,0.0,15.0,0.0
2020-04-22,Domestic,11350,107430.0,7050.0,660.0,3640.0,,4941.0,241.0,589.0,329.0,2023.0,277.0
2020-04-22,Airport,131,22328.0,35.0,96.0,0.0,,129.0,0.0,0.0,0.0,2.0,0.0
2020-04-22,Returnee,15,829.0,11.0,4.0,0.0,,0.0,0.0,0.0,0.0,15.0,0.0
2020-04-23,Domestic,11772,112108.0,7269.0,677.0,3826.0,,5024.0,259.0,622.0,351.0,2391.0,287.0
2020-04-23,Airport,132,23046.0,35.0,97.0,0.0,,130.0,0.0,0.0,0.0,2.0,0.0
2020-04-23,Returnee,15,829.0,11.0,4.0,0.0,,0.0,0.0,0.0,0.0,15.0,0.0
2020-04-24,Domestic,12240,117367.0,7531.0,703.0,4006.0,,5207.0,263.0,610.0,383.0,2519.0,317.0
2020-04-24,Airport,133,23404.0,35.0,98.0,0.0,,131.0,0.0,0.0,0.0,2.0,0.0
2020-04-24,Returnee,15,829.0,11.0,4.0,0.0,,0.0,0.0,0.0,0.0,15.0,0.0
2020-04-25,Domestic,12681,122700.0,7741.0,718.0,4222.0,,5295.0,287.0,625.0,372.0,2645.0,334.0
2020-04-25,Airport,133,23925.0,35.0,98.0,0.0,,131.0,0.0,0.0,0.0,2.0,0.0
2020-04-25,Returnee,15,829.0,11.0,4.0,0.0,,0.0,0.0,0.0,0.0,15.0,0.0
2020-04-26,Domestic,13031,123633.0,7895.0,802.0,4334.0,,5482.0,296.0,617.0,317.0,2798.0,348.0
2020-04-26,Airport,136,24612.0,35.0,101.0,0.0,,134.0,0.0,0.0,0.0,2.0,0.0
2020-04-26,Returnee,15,829.0,11.0,4.0,0.0,,0.0,0.0,0.0,0.0,15.0,0.0
2020-04-27,Domestic,13232,124456.0,8051.0,833.0,4348.0,,5545.0,300.0,671.0,311.0,2888.0,351.0
2020-04-27,Airport,138,25407.0,35.0,103.0,0.0,,136.0,0.0,0.0,0.0,2.0,0.0
2020-04-27,Returnee,15,829.0,11.0,4.0,0.0,,0.0,0.0,0.0,0.0,15.0,0.0
2020-04-28,Domestic,13422,133578.0,8177.0,848.0,4397.0,,5577.0,305.0,663.0,310.0,3170.0,376.0
2020-04-28,Airport,139,26138.0,35.0,104.0,0.0,,137.0,0.0,0.0,0.0,2.0,0.0
2020-04-28,Returnee,15,829.0,11.0,4.0,0.0,,0.0,0.0,0.0,0.0,15.0,0.0
2020-04-29,Domestic,13695,136695.0,8306.0,864.0,4525.0,,5600.0,306.0,688.0,308.0,3357.0,389.0
2020-04-29,Airport,142,26731.0,35.0,107.0,0.0,,140.0,0.0,0.0,0.0,2.0,0.0
2020-04-29,Returnee,15,829.0,11.0,4.0,0.0,,0.0,0.0,0.0,0.0,15.0,0.0
2020-04-30,Domestic,13929,137338.0,8469.0,898.0,4562.0,,5713.0,308.0,692.0,310.0,3449.0,415.0
2020-04-30,Airport,144,27442.0,35.0,109.0,0.0,,142.0,0.0,0.0,0.0,2.0,0.0
2020-04-30,Returnee,15,829.0,11.0,4.0,0.0,,0.0,0.0,0.0,0.0,15.0,0.0
2020-05-01,Domestic,14120,145243.0,8596.0,916.0,4608.0,,5526.0,328.0,675.0,287.0,3964.0,432.0
2020-05-01,Airport,146,28078.0,35.0,111.0,0.0,,144.0,0.0,0.0,0.0,2.0,0.0
2020-05-01,Returnee,15,829.0,11.0,4.0,0.0,,0.0,0.0,0.0,0.0,15.0,0.0
2020-05-02,Domestic,14383,152029.0,8683.0,938.0,4762.0,,5510.0,324.0,674.0,288.0,4194.0,458.0
2020-05-02,Airport,146,28669.0,35.0,111.0,0.0,,144.0,0.0,0.0,0.0,2.0,0.0
2020-05-02,Returnee,15,829.0,11.0,4.0,0.0,,0.0,0.0,0.0,0.0,15.0,0.0
2020-05-03,Domestic,14677,153047.0,8802.0,945.0,4930.0,,5522.0,321.0,667.0,284.0,4368.0,492.0
2020-05-03,Airport,147,29375.0,35.0,112.0,0.0,,145.0,0.0,0.0,0.0,2.0,0.0
2020-05-03,Returnee,15,829.0,11.0,4.0,0.0,,0.0,0.0,0.0,0.0,15.0,0.0
2020-05-04,Domestic,14895,153581.0,8921.0,953.0,5021.0,,5527.0,308.0,691.0,276.0,4479.0,510.0
2020-05-04,Airport,147,30176.0,35.0,112.0,0.0,,145.0,0.0,0.0,0.0,2.0,0.0
2020-05-04,Returnee,15,829.0,11.0,4.0,0.0,,0.0,0.0,0.0,0.0,15.0,0.0
2020-05-05,Domestic,15069,154646.0,9007.0,961.0,5101.0,,5565.0,309.0,681.0,279.0,4570.0,521.0
2020-05-05,Airport,147,30868.0,35.0,112.0,0.0,,145.0,0.0,0.0,0.0,2.0,0.0
2020-05-05,Returnee,15,829.0,11.0,4.0,0.0,,0.0,0.0,0.0,0.0,15.0,0.0
2020-05-06,Domestic,15192,156866.0,9072.0,1005.0,5115.0,,5396.0,308.0,652.0,260.0,4901.0,543.0
2020-05-06,Airport,147,31232.0,35.0,112.0,0.0,,145.0,0.0,0.0,0.0,2.0,0.0
2020-05-06,Returnee,15,829.0,11.0,4.0,0.0,,0.0,0.0,0.0,0.0,15.0,0.0
2020-05-07,Domestic,15300,157563.0,9154.0,1012.0,5134.0,,5287.0,300.0,650.0,267.0,5129.0,551.0
2020-05-07,Airport,148,31638.0,35.0,113.0,0.0,,146.0,0.0,0.0,0.0,2.0,0.0
2020-05-07,Returnee,15,829.0,11.0,4.0,0.0,,0.0,0.0,0.0,0.0,15.0,0.0
2020-05-08,Domestic,15382,169546.0,9224.0,1024.0,5134.0,,4974.0,287.0,621.0,270.0,5889.0,557.0
2020-05-08,Airport,150,31638.0,35.0,115.0,0.0,,148.0,0.0,0.0,0.0,2.0,0.0
2020-05-08,Returnee,15,829.0,11.0,4.0,0.0,,0.0,0.0,0.0,0.0,15.0,0.0
2020-05-09,Domestic,15483,179043.0,,,,6302.0,,266.0,,,8110.0,600.0
2020-05-09,Airport,151,32125.0,,,,149.0,,0.0,,,2.0,0.0
2020-05-09,Returnee,15,829.0,,,,0.0,,0.0,,,15.0,0.0
2020-05-10,Domestic,15581,180478.0,,,,6250.0,,267.0,,,8276.0,613.0
2020-05-10,Airport,151,32949.0,,,,149.0,,0.0,,,2.0,0.0
2020-05-10,Returnee,15,829.0,,,,0.0,,0.0,,,15.0,0.0
2020-05-11,Domestic,15630,183845.0,,,,6074.0,,249.0,,,8514.0,621.0
2020-05-11,Airport,153,33530.0,,,,151.0,,0.0,,,2.0,0.0
2020-05-11,Returnee,15,829.0,,,,0.0,,0.0,,,15.0,0.0
2020-05-12,Domestic,15706,188646.0,,,,5914.0,,243.0,,,8903.0,643.0
2020-05-12,Airport,153,34174.0,,,,151.0,,0.0,,,2.0,0.0
2020-05-12,Returnee,15,829.0,,,,0.0,,0.0,,,15.0,0.0
2020-05-13,Domestic,15854,188031.0,,,,5162.0,,259.0,,,9851.0,668.0
2020-05-13,Airport,155,34807.0,,,,153.0,,0.0,,,2.0,0.0
2020-05-13,Returnee,15,829.0,,,,0.0,,0.0,,,15.0,0.0
2020-05-14,Domestic,15908,196816.0,,,,4732.0,,245.0,,,10321.0,687.0
2020-05-14,Airport,156,35499.0,,,,154.0,,0.0,,,2.0,0.0
2020-05-14,Returnee,15,829.0,,,,0.0,,0.0,,,15.0,0.0
2020-05-15,Domestic,16022,194323.0,,,,4339.0,,237.0,,,10792.0,710.0
2020-05-15,Airport,156,35730.0,,,,154.0,,0.0,,,2.0,0.0
2020-05-15,Returnee,15,829.0,,,,0.0,,0.0,,,15.0,0.0
2020-05-16,Domestic,16066,203284.0,,,,4025.0,,232.0,,,11136.0,725.0
2020-05-16,Airport,156,36255.0,,,,154.0,,0.0,,,2.0,0.0
2020-05-16,Returnee,15,829.0,,,,0.0,,0.0,,,15.0,0.0
2020-05-17,Domestic,16112,206790.0,,,,3787.0,,230.0,,,11398.0,744.0
2020-05-17,Airport,158,36833.0,,,,156.0,,0.0,,,2.0,0.0
2020-05-17,Returnee,15,829.0,,,,0.0,,0.0,,,15.0,0.0
2020-05-18,Domestic,16132,211832.0,,,,3667.0,,228.0,,,11547.0,749.0
2020-05-18,Airport,158,37490.0,,,,156.0,,0.0,,,2.0,0.0
2020-05-18,Returnee,15,829.0,,,,0.0,,0.0,,,15.0,0.0
2020-05-19,Domestic,16192,216624.0,,,,3400.0,,213.0,,,11867.0,763.0
2020-05-19,Airport,158,38222.0,,,,156.0,,0.0,,,2.0,0.0
2020-05-19,Returnee,15,829.0,,,,0.0,,0.0,,,15.0,0.0
2020-05-20,Domestic,16212,218744.0,,,,3009.0,,210.0,,,12269.0,771.0
2020-05-20,Airport,158,38704.0,,,,156.0,,0.0,,,2.0,0.0
2020-05-20,Returnee,15,829.0,,,,0.0,,0.0,,,15.0,0.0
2020-05-21,Domestic,16251,221397.0,,,,2761.0,,195.0,,,12655.0,777.0
2020-05-21,Airport,158,39346.0,,,,156.0,,0.0,,,2.0,0.0
2020-05-21,Returnee,15,829.0,,,,0.0,,0.0,,,15.0,0.0
2020-05-22,Domestic,16339,224972.0,,,,2495.0,,176.0,,,12988.0,796.0
2020-05-22,Airport,159,39701.0,,,,157.0,,0.0,,,2.0,0.0
2020-05-22,Returnee,15,829.0,,,,0.0,,0.0,,,15.0,0.0
2020-05-23,Domestic,16362,227445.0,,,,2293.0,,174.0,,,13227.0,808.0
2020-05-23,Airport,159,40203.0,,,,157.0,,0.0,,,2.0,0.0
2020-05-23,Returnee,15,829.0,,,,0.0,,0.0,,,15.0,0.0
2020-05-24,Domestic,16375,229669.0,,,,2130.0,,168.0,,,13396.0,820.0
2020-05-24,Airport,160,40703.0,,,,157.0,,0.0,,,151.0,0.0
2020-05-24,Returnee,15,829.0,,,,0.0,,0.0,,,15.0,0.0
2020-05-25,Domestic,16404,230562.0,,,,2111.0,,165.0,,,13446.0,830.0
2020-05-25,Airport,162,41297.0,,,,10.0,,0.0,,,151.0,0.0
2020-05-25,Returnee,15,829.0,,,,0.0,,0.0,,,15.0,0.0
2020-05-26,Domestic,16445,233399.0,,,,1939.0,,155.0,,,13643.0,846.0
2020-05-26,Airport,163,41942.0,,,,11.0,,0.0,,,152.0,0.0
2020-05-26,Returnee,15,829.0,,,,0.0,,0.0,,,15.0,0.0
2020-05-27,Domestic,16469,235422.0,,,,1788.0,,147.0,,,13806.0,858.0
2020-05-27,Airport,167,42391.0,,,,15.0,,0.0,,,152.0,0.0
2020-05-27,Returnee,15,829.0,,,,0.0,,0.0,,,15.0,0.0
2020-05-28,Domestic,16498,237367.0,,,,1637.0,,136.0,,,13979.0,867.0
2020-05-28,Airport,170,43097.0,,,,17.0,,0.0,,,153.0,0.0
2020-05-28,Returnee,15,829.0,,,,0.0,,0.0,,,15.0,0.0
2020-05-29,Domestic,16532,240334.0,,,,1556.0,,131.0,,,14085.0,874.0
2020-05-29,Airport,172,43600.0,,,,18.0,,0.0,,,154.0,0.0
2020-05-29,Returnee,15,829.0,,,,0.0,,0.0,,,15.0,0.0
2020-05-30,Domestic,16607,242734.0,,,,1466.0,,123.0,,,14237.0,886.0
2020-05-30,Airport,182,44191.0,,,,28.0,,0.0,,,154.0,0.0
2020-05-30,Returnee,15,829.0,,,,0.0,,0.0,,,15.0,0.0
2020-05-31,Domestic,16650,244824.0,,,,1452.0,,119.0,,,14290.0,891.0
2020-05-31,Airport,186,44783.0,,,,32.0,,0.0,,,154.0,0.0
2020-05-31,Returnee,15,829.0,,,,0.0,,0.0,,,15.0,0.0
2020-06-01,Domestic,16679,246100.0,,,,1436.0,,115.0,,,14333.0,892.0
2020-06-01,Airport,190,45640.0,,,,36.0,,0.0,,,154.0,0.0
2020-06-01,Returnee,15,829.0,,,,0.0,,0.0,,,15.0,0.0
2020-06-02,Domestic,16724,248662.0,,,,1341.0,,113.0,,,14481.0,894.0
2020-06-02,Airport,191,46892.0,,,,37.0,,0.0,,,154.0,0.0
2020-06-02,Returnee,15,829.0,,,,0.0,,0.0,,,15.0,0.0
2020-06-03,Domestic,16779,251808.0,,,,1270.0,,101.0,,,14602.0,900.0
2020-06-03,Airport,192,47640.0,,,,38.0,,0.0,,,154.0,0.0
2020-06-03,Returnee,15,829.0,,,,0.0,,0.0,,,15.0,0.0
2020-06-04,Domestic,16807,254229.0,,,,1207.0,,102.0,,,14690.0,903.0
2020-06-04,Airport,196,48575.0,,,,34.0,,0.0,,,162.0,0.0
2020-06-04,Returnee,15,829.0,,,,0.0,,0.0,,,15.0,0.0
2020-06-05,Domestic,16850,257330.0,,,,1141.0,,98.0,,,14795.0,907.0
2020-06-05,Airport,199,49303.0,,,,37.0,,0.0,,,162.0,0.0
2020-06-05,Returnee,15,829.0,,,,0.0,,0.0,,,15.0,0.0
2020-06-06,Domestic,16886,260551.0,,,,1064.0,,99.0,,,14901.0,914.0
2020-06-06,Airport,202,50067.0,,,,39.0,,0.0,,,163.0,0.0
2020-06-06,Returnee,15,829.0,,,,0.0,,0.0,,,15.0,0.0
2020-06-07,Domestic,16923,262642.0,,,,1042.0,,98.0,,,14961.0,916.0
2020-06-07,Airport,203,51012.0,,,,40.0,,0.0,,,163.0,0.0
2020-06-07,Returnee,15,829.0,,,,0.0,,0.0,,,15.0,0.0
2020-06-08,Domestic,16950,263962.0,,,,1060.0,,99.0,,,14970.0,916.0
2020-06-08,Airport,209,52057.0,,,,46.0,,0.0,,,163.0,0.0
2020-06-08,Returnee,15,829.0,,,,0.0,,0.0,,,15.0,0.0
2020-06-09,Domestic,16986,267069.0,,,,1028.0,,92.0,,,15035.0,916.0
2020-06-09,Airport,209,53155.0,,,,46.0,,0.0,,,163.0,0.0
2020-06-09,Returnee,15,829.0,,,,0.0,,0.0,,,15.0,0.0
2020-06-10,Domestic,17012,269976.0,,,,965.0,,91.0,,,15120.0,919.0
2020-06-10,Airport,224,53870.0,,,,61.0,,0.0,,,163.0,0.0
2020-06-10,Returnee,15,829.0,,,,0.0,,0.0,,,15.0,0.0
2020-06-11,Domestic,17051,273204.0,,,,923.0,,91.0,,,15200.0,920.0
2020-06-11,Airport,226,54697.0,,,,58.0,,0.0,,,168.0,0.0
2020-06-11,Returnee,15,829.0,,,,0.0,,0.0,,,15.0,0.0
2020-06-12,Domestic,17090,276032.0,,,,854.0,,82.0,,,15308.0,922.0
2020-06-12,Airport,227,55346.0,,,,57.0,,0.0,,,170.0,0.0
2020-06-12,Returnee,15,829.0,,,,0.0,,0.0,,,15.0,0.0
2020-06-13,Domestic,17135,279184.0,,,,810.0,,76.0,,,15395.0,924.0
2020-06-13,Airport,232,56148.0,,,,62.0,,0.0,,,170.0,0.0
2020-06-13,Returnee,15,829.0,,,,0.0,,0.0,,,15.0,0.0
2020-06-14,Domestic,17179,280720.0,,,,801.0,,73.0,,,15451.0,925.0
2020-06-14,Airport,235,57209.0,,,,58.0,,0.0,,,177.0,0.0
2020-06-14,Returnee,15,829.0,,,,0.0,,0.0,,,15.0,0.0
2020-06-15,Domestic,17238,281697.0,,,,819.0,,71.0,,,15493.0,925.0
2020-06-15,Airport,249,58392.0,,,,71.0,,0.0,,,178.0,0.0
2020-06-15,Returnee,15,829.0,,,,0.0,,0.0,,,15.0,0.0
2020-06-16,Domestic,17311,284092.0,,,,871.0,,80.0,,,15508.0,927.0
2020-06-16,Airport,261,59605.0,,,,83.0,,0.0,,,178.0,0.0
2020-06-16,Returnee,15,829.0,,,,0.0,,0.0,,,15.0,0.0
2020-06-17,Domestic,17350,286739.0,,,,760.0,,70.0,,,15657.0,931.0
2020-06-17,Airport,263,60483.0,,,,85.0,,0.0,,,178.0,0.0
2020-06-17,Returnee,15,829.0,,,,0.0,,0.0,,,15.0,0.0
2020-06-18,Domestic,17387,334250.0,,,,712.0,,62.0,,,15737.0,935.0
2020-06-18,Airport,266,61354.0,,,,88.0,,0.0,,,178.0,0.0
2020-06-18,Returnee,15,829.0,,,,0.0,,0.0,,,15.0,0.0
2020-06-19,Domestic,17426,340426.0,,,,707.0,,62.0,,,15811.0,935.0
2020-06-19,Airport,269,52125.0,,,,87.0,,0.0,,,182.0,0.0
2020-06-19,Returnee,15,829.0,,,,0.0,,0.0,,,15.0,0.0
2020-06-20,Domestic,17512,345249.0,,,,677.0,,61.0,,,15880.0,952.0
2020-06-20,Airport,272,62944.0,,,,90.0,,0.0,,,182.0,0.0
2020-06-20,Returnee,15,829.0,,,,0.0,,0.0,,,15.0,0.0
2020-06-21,Domestic,17577,347723.0,,,,711.0,,59.0,,,15911.0,953.0
2020-06-21,Airport,272,64117.0,,,,90.0,,0.0,,,182.0,0.0
2020-06-21,Returnee,15,829.0,,,,0.0,,0.0,,,15.0,0.0
2020-06-22,Domestic,17622,351850.0,,,,732.0,,59.0,,,15936.0,953.0
2020-06-22,Airport,279,65272.0,,,,97.0,,0.0,,,182.0,0.0
2020-06-22,Returnee,15,829.0,,,,0.0,,0.0,,,15.0,0.0
2020-06-23,Domestic,17671,357226.0,,,,706.0,,62.0,,,16007.0,955.0
2020-06-23,Airport,282,66712.0,,,,92.0,,0.0,,,190.0,0.0
2020-06-23,Returnee,15,829.0,,,,0.0,,0.0,,,15.0,0.0
2020-06-24,Domestic,17723,360948.0,,,,698.0,,60.0,,,16058.0,963.0
2020-06-24,Airport,286,67704.0,,,,96.0,,0.0,,,190.0,0.0
2020-06-24,Returnee,15,829.0,,,,0.0,,0.0,,,15.0,0.0
2020-06-25,Domestic,17802,365927.0,,,,713.0,,58.0,,,16116.0,967.0
2020-06-25,Airport,293,68739.0,,,,103.0,,0.0,,,189.0,1.0
2020-06-25,Returnee,15,829.0,,,,0.0,,0.0,,,15.0,0.0
2020-06-26,Domestic,17886,370382.0,,,,727.0,,51.0,,,16188.0,968.0
2020-06-26,Airport,296,69528.0,,,,106.0,,0.0,,,189.0,1.0
2020-06-26,Returnee,15,829.0,,,,0.0,,0.0,,,15.0,0.0
2020-06-27,Domestic,17980,375140.0,,,,757.0,,48.0,,,16248.0,970.0
2020-06-27,Airport,302,70620.0,,,,112.0,,0.0,,,189.0,1.0
2020-06-27,Returnee,15,829.0,,,,0.0,,0.0,,,15.0,0.0
2020-06-28,Domestic,18069,378673.0,,,,790.0,,45.0,,,16301.0,970.0
2020-06-28,Airport,306,72270.0,,,,116.0,,0.0,,,189.0,1.0
2020-06-28,Returnee,15,829.0,,,,0.0,,0.0,,,15.0,0.0
2020-06-29,Domestic,18154,380186.0,,,,822.0,,43.0,,,16353.0,971.0
2020-06-29,Airport,307,73594.0,,,,117.0,,0.0,,,189.0,1.0
2020-06-29,Returnee,15,829.0,,,,0.0,,0.0,,,15.0,0.0
2020-06-30,Domestic,18270,385696.0,,,,869.0,,42.0,,,16424.0,971.0
2020-06-30,Airport,308,74921.0,,,,115.0,,0.0,,,192.0,1.0
2020-06-30,Returnee,15,829.0,,,,0.0,,0.0,,,15.0,0.0
2020-07-01,Domestic,18394,390347.0,,,,897.0,,40.0,,,16522.0,973.0
2020-07-01,Airport,314,76268.0,,,,119.0,,0.0,,,194.0,1.0
2020-07-01,Returnee,15,829.0,,,,0.0,,0.0,,,15.0,0.0
2020-07-02,Domestic,18545,396911.0,,,,1006.0,,37.0,,,16563.0,974.0
2020-07-02,Airport,314,77568.0,,,,119.0,,0.0,,,194.0,1.0
2020-07-02,Returnee,15,829.0,,,,0.0,,0.0,,,15.0,0.0
2020-07-03,Domestic,18737,402371.0,,,,1105.0,,33.0,,,16654.0,975.0
2020-07-03,Airport,316,78677.0,,,,118.0,,0.0,,,197.0,1.0
2020-07-03,Returnee,15,829.0,,,,0.0,,0.0,,,15.0,0.0
2020-07-04,Domestic,18950,408968.0,,,,1224.0,,32.0,,,16747.0,976.0
2020-07-04,Airport,317,80490.0,,,,119.0,,0.0,,,197.0,1.0
2020-07-04,Returnee,15,829.0,,,,0.0,,0.0,,,15.0,0.0
2020-07-05,Domestic,19184,412102.0,,,,1386.0,,33.0,,,16838.0,976.0
2020-07-05,Airport,323,82233.0,,,,125.0,,0.0,,,197.0,1.0
2020-07-05,Returnee,15,829.0,,,,0.0,,0.0,,,15.0,0.0
2020-07-06,Domestic,19425,414720.0,,,,1550.0,,34.0,,,16912.0,976.0
2020-07-06,Airport,335,84349.0,,,,137.0,,0.0,,,197.0,1.0
2020-07-06,Returnee,15,829.0,,,,0.0,,0.0,,,15.0,0.0
2020-07-07,Domestic,19628,422948.0,,,,1671.0,,36.0,,,16981.0,977.0
2020-07-07,Airport,338,86216.0,,,,137.0,,0.0,,,201.0,1.0
2020-07-07,Returnee,15,829.0,,,,0.0,,0.0,,,15.0,0.0
2020-07-08,Domestic,19816,430047.0,,,,1721.0,,35.0,,,17115.0,979.0
2020-07-08,Airport,343,87334.0,,,,141.0,,0.0,,,201.0,1.0
2020-07-08,Returnee,15,829.0,,,,0.0,,0.0,,,15.0,0.0
2020-07-09,Domestic,20010,438166.0,,,,1776.0,,38.0,,,17250.0,980.0
2020-07-09,Airport,346,88551.0,,,,144.0,,0.0,,,201.0,1.0
2020-07-09,Returnee,15,829.0,,,,0.0,,0.0,,,15.0,0.0
2020-07-10,Domestic,20353,449671.0,,,,1929.0,,31.0,,,17436.0,981.0
2020-07-10,Airport,351,89911.0,,,,149.0,,0.0,,,201.0,1.0
2020-07-10,Returnee,15,829.0,,,,0.0,,0.0,,,15.0,0.0
2020-07-11,Domestic,20753,459538.0,,,,2139.0,,33.0,,,17633.0,981.0
2020-07-11,Airport,361,91291.0,,,,159.0,,0.0,,,201.0,1.0
2020-07-11,Returnee,15,829.0,,,,0.0,,0.0,,,15.0,0.0
2020-07-12,Domestic,21113,464900.0,,,,2339.0,,32.0,,,17787.0,981.0
2020-07-12,Airport,374,92893.0,,,,172.0,,0.0,,,201.0,1.0
2020-07-12,Returnee,15,829.0,,,,0.0,,0.0,,,15.0,0.0
2020-07-13,Domestic,21459,466738.0,,,,2587.0,,34.0,,,17887.0,981.0
2020-07-13,Airport,394,94538.0,,,,192.0,,0.0,,,201.0,1.0
2020-07-13,Returnee,15,829.0,,,,0.0,,0.0,,,15.0,0.0
2020-07-14,Domestic,21798,477290.0,,,,2754.0,,40.0,,,18066.0,981.0
2020-07-14,Airport,407,96313.0,,,,205.0,,0.0,,,201.0,1.0
2020-07-14,Returnee,15,829.0,,,,0.0,,0.0,,,15.0,0.0
2020-07-15,Domestic,22081,488444.0,,,,2789.0,,38.0,,,18312.0,983.0
2020-07-15,Airport,412,97433.0,,,,193.0,,0.0,,,218.0,1.0
2020-07-15,Returnee,15,829.0,,,,0.0,,0.0,,,15.0,0.0
2020-07-16,Domestic,22450,499787.0,,,,2885.0,,37.0,,,18580.0,984.0
2020-07-16,Airport,425,98623.0,,,,205.0,,0.0,,,219.0,1.0
2020-07-16,Returnee,15,829.0,,,,0.0,,0.0,,,15.0,0.0
2020-07-17,Domestic,23029,516470.0,,,,3191.0,,39.0,,,18862.0,984.0
2020-07-17,Airport,429,99750.0,,,,209.0,,0.0,,,219.0,1.0
2020-07-17,Returnee,15,829.0,,,,0.0,,0.0,,,15.0,0.0
2020-07-18,Domestic,23680,524327.0,,,,3560.0,,41.0,,,19132.0,984.0
2020-07-18,Airport,437,100993.0,,,,217.0,,0.0,,,219.0,1.0
2020-07-18,Returnee,15,829.0,,,,0.0,,0.0,,,15.0,0.0
2020-07-19,Domestic,24181,531493.0,,,,3865.0,,43.0,,,19342.0,984.0
2020-07-19,Airport,446,102675.0,,,,226.0,,0.0,,,219.0,1.0
2020-07-19,Returnee,15,829.0,,,,0.0,,0.0,,,15.0,0.0
2020-07-20,Domestic,24626,534755.0,,,,4113.0,,47.0,,,19523.0,984.0
2020-07-20,Airport,455,104237.0,,,,235.0,,0.0,,,219.0,1.0
2020-07-20,Returnee,15,829.0,,,,0.0,,0.0,,,15.0,0.0
2020-07-21,Domestic,25255,550714.0,,,,4345.0,,52.0,,,19921.0,987.0
2020-07-21,Airport,466,105992.0,,,,246.0,,0.0,,,219.0,1.0
2020-07-21,Returnee,15,829.0,,,,0.0,,0.0,,,15.0,0.0
2020-07-22,Domestic,25807,562828.0,,,,4421.0,,55.0,,,20403.0,988.0
2020-07-22,Airport,481,106962.0,,,,247.0,,0.0,,,233.0,1.0
2020-07-22,Returnee,15,829.0,,,,0.0,,0.0,,,15.0,0.0
2020-07-23,Domestic,26529,579185.0,,,,4751.0,,59.0,,,20787.0,989.0
2020-07-23,Airport,485,108022.0,,,,251.0,,0.0,,,233.0,1.0
2020-07-23,Returnee,15,829.0,,,,0.0,,0.0,,,15.0,0.0
2020-07-24,Domestic,27441,587495.0,,,,5369.0,,68.0,,,21080.0,991.0
2020-07-24,Airport,500,109188.0,,,,266.0,,0.0,,,233.0,1.0
2020-07-24,Returnee,15,829.0,,,,0.0,,0.0,,,15.0,0.0
2020-07-25,Domestic,28266,593190.0,,,,5949.0,,64.0,,,21319.0,992.0
2020-07-25,Airport,505,110381.0,,,,271.0,,0.0,,,233.0,1.0
2020-07-25,Returnee,15,829.0,,,,0.0,,0.0,,,15.0,0.0
2020-07-26,Domestic,28851,602720.0,,,,6315.0,,66.0,,,21514.0,995.0
2020-07-26,Airport,516,111734.0,,,,282.0,,0.0,,,233.0,1.0
2020-07-26,Returnee,15,829.0,,,,0.0,,0.0,,,15.0,0.0
2020-07-27,Domestic,29432,606505.0,,,,6573.0,,67.0,,,21868.0,995.0
2020-07-27,Airport,522,113167.0,,,,288.0,,0.0,,,233.0,1.0
2020-07-27,Returnee,15,829.0,,,,0.0,,0.0,,,15.0,0.0
2020-07-28,Domestic,30406,630687.0,,,,6828.0,,76.0,,,22560.0,997.0
2020-07-28,Airport,540,114713.0,,,,303.0,,0.0,,,236.0,1.0
2020-07-28,Returnee,15,829.0,,,,0.0,,0.0,,,15.0,0.0
2020-07-29,Domestic,31333,648773.0,,,,7063.0,,81.0,,,23256.0,1000.0
2020-07-29,Airport,553,115744.0,,,,316.0,,0.0,,,236.0,1.0
2020-07-29,Returnee,15,829.0,,,,0.0,,0.0,,,15.0,0.0
2020-07-30,Domestic,32459,667442.0,,,,7508.0,,90.0,,,23928.0,1003.0
2020-07-30,Airport,575,116953.0,,,,338.0,,0.0,,,236.0,1.0
2020-07-30,Returnee,15,829.0,,,,0.0,,0.0,,,15.0,0.0
2020-07-31,Domestic,33774,687129.0,,,,8062.0,,87.0,,,24678.0,1005.0
2020-07-31,Airport,583,118109.0,,,,246.0,,0.0,,,236.0,1.0
2020-07-31,Returnee,15,829.0,,,,0.0,,0.0,,,15.0,0.0
2020-08-01,Domestic,35233,704483.0,,,,8945.0,,80.0,,,25253.0,1010.0
2020-08-01,Airport,588,119436.0,,,,349.0,,0.0,,,238.0,1.0
2020-08-01,Returnee,15,829.0,,,,0.0,,0.0,,,15.0,0.0
2020-08-02,Domestic,36081,714089.0,,,,9427.0,,83.0,,,25653.0,1010.0
2020-08-02,Airport,593,121486.0,,,,354.0,,0.0,,,238.0,1.0
2020-08-02,Returnee,15,829.0,,,,0.0,,0.0,,,15.0,0.0
2020-08-03,Domestic,38072,724688.0,,,,10422.0,,87.0,,,26234.0,1011.0
2020-08-03,Airport,600,123598.0,,,,361.0,,0.0,,,238.0,1.0
2020-08-03,Returnee,15,829.0,,,,0.0,,0.0,,,15.0,0.0
2020-08-04,Domestic,39220,750482.0,,,,10963.0,,88.0,,,26944.0,1015.0
2020-08-04,Airport,623,125823.0,,,,384.0,,0.0,,,238.0,1.0
2020-08-04,Returnee,15,829.0,,,,0.0,,0.0,,,15.0,0.0
2020-08-05,Domestic,40485,769222.0,,,,11665.0,,104.0,,,27775.0,1021.0
2020-08-05,Airport,629,127289.0,,,,390.0,,0.0,,,238.0,1.0
2020-08-05,Returnee,15,829.0,,,,0.0,,0.0,,,15.0,0.0
2020-08-06,Domestic,41611,808945.0,,,,11910.0,,115.0,,,28624.0,1025.0
2020-08-06,Airport,637,128965.0,,,,398.0,,0.0,,,238.0,1.0
2020-08-06,Returnee,15,829.0,,,,0.0,,0.0,,,15.0,0.0
2020-08-07,Domestic,43152,830960.0,,,,12159.0,,131.0,,,29900.0,1032.0
2020-08-07,Airport,648,130126.0,,,,409.0,,0.0,,,238.0,1.0
2020-08-07,Returnee,15,829.0,,,,0.0,,0.0,,,15.0,0.0
2020-08-08,Domestic,44770,853658.0,,,,12539.0,,140.0,,,31054.0,1038.0
2020-08-08,Airport,654,131614.0,,,,415.0,,0.0,,,238.0,1.0
2020-08-08,Returnee,15,829.0,,,,0.0,,0.0,,,15.0,0.0
2020-08-09,Domestic,46105,867334.0,,,,13011.0,,156.0,,,32059.0,1039.0
2020-08-09,Airport,663,133118.0,,,,424.0,,0.0,,,238.0,1.0
2020-08-09,Returnee,15,829.0,,,,0.0,,0.0,,,15.0,0.0
2020-08-10,Domestic,47306,880670.0,,,,13633.0,,162.0,,,32805.0,1046.0
2020-08-10,Airport,669,134698.0,,,,430.0,,0.0,,,238.0,1.0
2020-08-10,Returnee,15,829.0,,,,0.0,,0.0,,,15.0,0.0
2020-08-11,Domestic,48238,887110.0,,,,13724.0,,171.0,,,33722.0,1051.0
2020-08-11,Airport,675,136296.0,,,,436.0,,0.0,,,238.0,1.0
2020-08-11,Returnee,15,829.0,,,,0.0,,0.0,,,15.0,0.0
2020-08-12,Domestic,49512,920049.0,,,,13610.0,,177.0,,,34635.0,1058.0
2020-08-12,Airport,683,137286.0,,,,444.0,,0.0,,,238.0,1.0
2020-08-12,Returnee,15,829.0,,,,0.0,,0.0,,,15.0,0.0
2020-08-13,Domestic,50444,945831.0,,,,13286.0,,203.0,,,35858.0,1062.0
2020-08-13,Airport,688,138662.0,,,,426.0,,0.0,,,261.0,1.0
2020-08-13,Returnee,15,829.0,,,,0.0,,0.0,,,15.0,0.0
2020-08-14,Domestic,51513,966893.0,,,,13039.0,,211.0,,,37165.0,1072.0
2020-08-14,Airport,689,139815.0,,,,389.0,,0.0,,,299.0,1.0
2020-08-14,Returnee,15,829.0,,,,0.0,,0.0,,,15.0,0.0
2020-08-15,Domestic,52869,1022133.0,,,,12976.0,,229.0,,,38600.0,1084.0
2020-08-15,Airport,693,141067.0,,,,362.0,,0.0,,,330.0,1.0
2020-08-15,Returnee,15,829.0,,,,0.0,,0.0,,,15.0,0.0
2020-08-16,Domestic,54002,1033883.0,,,,13072.0,,232.0,,,39715.0,1087.0
2020-08-16,Airport,697,142601.0,,,,346.0,,0.0,,,350.0,1.0
2020-08-16,Returnee,15,829.0,,,,0.0,,0.0,,,15.0,0.0
2020-08-17,Domestic,54952,1041321.0,,,,13008.0,,243.0,,,40794.0,1098.0
2020-08-17,Airport,700,144318.0,,,,312.0,,0.0,,,387.0,1.0
2020-08-17,Returnee,15,829.0,,,,0.0,,0.0,,,15.0,0.0
2020-08-18,Domestic,55958,1067156.0,,,,12767.0,,243.0,,,41853.0,1114.0
2020-08-18,Airport,712,146160.0,,,,295.0,,0.0,,,416.0,1.0
2020-08-18,Returnee,15,829.0,,,,0.0,,0.0,,,15.0,0.0
2020-08-19,Domestic,56820,1088286.0,,,,12084.0,,239.0,,,43379.0,1127.0
2020-08-19,Airport,715,147065.0,,,,273.0,,0.0,,,441.0,1.0
2020-08-19,Returnee,15,829.0,,,,0.0,,0.0,,,15.0,0.0
2020-08-20,Domestic,57766,1110223.0,,,,11686.0,,237.0,,,44771.0,1143.0
2020-08-20,Airport,720,148370.0,,,,239.0,,0.0,,,480.0,1.0
2020-08-20,Returnee,15,829.0,,,,0.0,,0.0,,,15.0,0.0
2020-08-21,Domestic,58978,1132112.0,,,,11709.0,,243.0,,,45938.0,1154.0
2020-08-21,Airport,728,149752.0,,,,213.0,,0.0,,,514.0,1.0
2020-08-21,Returnee,15,829.0,,,,0.0,,0.0,,,15.0,0.0
2020-08-22,Domestic,59988,1153978.0,,,,11597.0,,243.0,,,47045.0,1168.0
2020-08-22,Airport,730,151321.0,,,,167.0,,0.0,,,562.0,1.0
2020-08-22,Returnee,15,829.0,,,,0.0,,0.0,,,15.0,0.0
2020-08-23,Domestic,61001,1167326.0,,,,11732.0,,254.0,,,47946.0,1175.0
2020-08-23,Airport,731,152924.0,,,,141.0,,0.0,,,589.0,1.0
2020-08-23,Returnee,15,829.0,,,,0.0,,0.0,,,15.0,0.0
2020-08-24,Domestic,61754,1178279.0,,,,11718.0,,259.0,,,48716.0,1180.0
2020-08-24,Airport,738,154776.0,,,,128.0,,0.0,,,609.0,1.0
2020-08-24,Returnee,15,829.0,,,,0.0,,0.0,,,15.0,0.0
2020-08-25,Domestic,62364,1200330.0,,,,11211.0,,252.0,,,49794.0,1195.0
2020-08-25,Airport,742,156469.0,,,,119.0,,0.0,,,622.0,1.0
2020-08-25,Returnee,15,829.0,,,,0.0,,0.0,,,15.0,0.0
2020-08-26,Domestic,63060,1218568.0,,,,10647.0,,245.0,,,51034.0,1208.0
2020-08-26,Airport,747,157386.0,,,,107.0,,0.0,,,639.0,1.0
2020-08-26,Returnee,15,829.0,,,,0.0,,0.0,,,15.0,0.0
2020-08-27,Domestic,63901,1237921.0,,,,10306.0,,238.0,,,52169.0,1225.0
2020-08-27,Airport,752,158650.0,,,,112.0,,0.0,,,639.0,1.0
2020-08-27,Returnee,15,829.0,,,,0.0,,0.0,,,15.0,0.0
2020-08-28,Domestic,64801,1259467.0,,,,10111.0,,227.0,,,53318.0,1237.0
2020-08-28,Airport,757,160293.0,,,,94.0,,0.0,,,662.0,1.0
2020-08-28,Returnee,15,829.0,,,,0.0,,0.0,,,15.0,0.0
2020-08-29,Domestic,65645,1278064.0,,,,9697.0,,230.0,,,54650.0,1254.0
2020-08-29,Airport,763,161933.0,,,,86.0,,0.0,,,676.0,1.0
2020-08-29,Returnee,15,829.0,,,,0.0,,0.0,,,15.0,0.0
2020-08-30,Domestic,66481,1290979.0,,,,9696.0,,234.0,,,55471.0,1263.0
2020-08-30,Airport,768,163802.0,,,,89.0,,0.0,,,678.0,1.0
2020-08-30,Returnee,15,829.0,,,,0.0,,0.0,,,15.0,0.0
2020-08-31,Domestic,67077,1300556.0,,,,9649.0,,236.0,,,56109.0,1278.0
2020-08-31,Airport,773,165747.0,,,,94.0,,0.0,,,678.0,1.0
2020-08-31,Returnee,15,829.0,,,,0.0,,0.0,,,15.0,0.0
2020-09-01,Domestic,67595,1322085.0,,,,9135.0,,234.0,,,57130.0,1295.0
2020-09-01,Airport,782,168061.0,,,,103.0,,0.0,,,678.0,1.0
2020-09-01,Returnee,15,829.0,,,,0.0,,0.0,,,15.0,0.0
2020-09-02,Domestic,68196,1340216.0,,,,9108.0,,225.0,,,57735.0,1306.0
2020-09-02,Airport,790,169417.0,,,,111.0,,0.0,,,678.0,1.0
2020-09-02,Returnee,15,829.0,,,,0.0,,0.0,,,15.0,0.0
2020-09-03,Domestic,68785,1364339.0,,,,8604.0,,218.0,,,58827.0,1318.0
2020-09-03,Airport,799,171053.0,,,,116.0,,0.0,,,682.0,1.0
2020-09-03,Returnee,15,829.0,,,,0.0,,0.0,,,15.0,0.0
2020-09-04,Domestic,69450,1387330.0,,,,8363.0,,214.0,,,59720.0,1329.0
2020-09-04,Airport,803,172346.0,,,,120.0,,0.0,,,682.0,1.0
2020-09-04,Returnee,15,829.0,,,,0.0,,0.0,,,15.0,0.0
2020-09-05,Domestic,70051,1402787.0,,,,7957.0,,210.0,,,60726.0,1348.0
2020-09-05,Airport,810,173828.0,,,,105.0,,0.0,,,704.0,1.0
2020-09-05,Returnee,15,829.0,,,,0.0,,0.0,,,15.0,0.0
2020-09-06,Domestic,70592,1414717.0,,,,7908.0,,211.0,,,61357.0,1356.0
2020-09-06,Airport,812,175349.0,,,,107.0,,0.0,,,704.0,1.0
2020-09-06,Returnee,15,829.0,,,,0.0,,0.0,,,15.0,0.0
2020-09-07,Domestic,71025,1418892.0,,,,7868.0,,209.0,,,61817.0,1362.0
2020-09-07,Airport,816,176840.0,,,,111.0,,0.0,,,704.0,1.0
2020-09-07,Returnee,15,829.0,,,,0.0,,0.0,,,15.0,0.0
2020-09-08,Domestic,71398,1442904.0,,,,7439.0,,202.0,,,62563.0,1376.0
2020-09-08,Airport,821,178416.0,,,,116.0,,0.0,,,704.0,1.0
2020-09-08,Returnee,15,829.0,,,,0.0,,0.0,,,15.0,0.0
2020-09-09,Domestic,71889,1457541.0,,,,7098.0,,202.0,,,63381.0,1392.0
2020-09-09,Airport,822,179353.0,,,,117.0,,0.0,,,704.0,1.0
2020-09-09,Returnee,15,829.0,,,,0.0,,0.0,,,15.0,0.0
2020-09-10,Domestic,72381,1480613.0,,,,6839.0,,198.0,,,64116.0,1405.0
2020-09-10,Airport,825,180649.0,,,,120.0,,0.0,,,704.0,1.0
2020-09-10,Returnee,15,829.0,,,,0.0,,0.0,,,15.0,0.0
2020-09-11,Domestic,73058,1502919.0,,,,6761.0,,191.0,,,64871.0,1411.0
2020-09-11,Airport,828,181963.0,,,,123.0,,0.0,,,704.0,1.0
2020-09-11,Returnee,15,829.0,,,,0.0,,0.0,,,15.0,0.0
2020-09-12,Domestic,73694,1519398.0,,,,6684.0,,190.0,,,65561.0,1422.0
2020-09-12,Airport,835,183507.0,,,,130.0,,0.0,,,704.0,1.0
2020-09-12,Returnee,15,829.0,,,,0.0,,0.0,,,15.0,0.0
2020-09-13,Domestic,74360,1529943.0,,,,6754.0,,180.0,,,66180.0,1438.0
2020-09-13,Airport,843,185188.0,,,,138.0,,0.0,,,704.0,1.0
2020-09-13,Returnee,15,829.0,,,,0.0,,0.0,,,15.0,0.0
2020-09-14,Domestic,74797,1530415.0,,,,6841.0,,185.0,,,66504.0,1441.0
2020-09-14,Airport,845,186811.0,,,,121.0,,0.0,,,723.0,1.0
2020-09-14,Returnee,15,829.0,,,,0.0,,0.0,,,15.0,0.0
2020-09-15,Domestic,75093,1555861.0,,,,6567.0,,174.0,,,67073.0,1450.0
2020-09-15,Airport,850,188621.0,,,,106.0,,0.0,,,743.0,1.0
2020-09-15,Returnee,15,829.0,,,,0.0,,0.0,,,15.0,0.0
2020-09-16,Domestic,75582,1576024.0,,,,6346.0,,178.0,,,67754.0,1460.0
2020-09-16,Airport,851,189625.0,,,,87.0,,0.0,,,763.0,1.0
2020-09-16,Returnee,15,829.0,,,,0.0,,0.0,,,15.0,0.0
2020-09-17,Domestic,76135,1594338.0,,,,6174.0,,167.0,,,68473.0,1472.0
2020-09-17,Airport,859,191175.0,,,,93.0,,0.0,,,765.0,1.0
2020-09-17,Returnee,15,829.0,,,,0.0,,0.0,,,15.0,0.0
2020-09-18,Domestic,76610,1617651.0,,,,6014.0,,170.0,,,69117.0,1481.0
2020-09-18,Airport,869,193036.0,,,,93.0,,0.0,,,767.0,1.0
2020-09-18,Returnee,15,829.0,,,,0.0,,0.0,,,15.0,0.0
2020-09-19,Domestic,77183,1635256.0,,,,6028.0,,161.0,,,69700.0,1494.0
2020-09-19,Airport,875,195161.0,,,,94.0,,0.0,,,780.0,1.0
2020-09-19,Returnee,15,829.0,,,,0.0,,0.0,,,15.0,0.0
2020-09-20,Domestic,77762,1644786.0,,,,6026.0,,159.0,,,70231.0,1499.0
2020-09-20,Airport,880,196891.0,,,,95.0,,0.0,,,784.0,1.0
2020-09-20,Returnee,15,829.0,,,,0.0,,0.0,,,15.0,0.0
2020-09-21,Domestic,78234,1650939.0,,,,6132.0,,163.0,,,70597.0,1499.0
2020-09-21,Airport,891,198893.0,,,,98.0,,0.0,,,792.0,1.0
2020-09-21,Returnee,15,829.0,,,,0.0,,0.0,,,15.0,0.0
2020-09-22,Domestic,78525,1653717.0,,,,6168.0,,164.0,,,70841.0,1507.0
2020-09-22,Airport,898,200694.0,,,,105.0,,0.0,,,792.0,1.0
2020-09-22,Returnee,15,829.0,,,,0.0,,0.0,,,15.0,0.0
2020-09-23,Domestic,78847,1657103.0,,,,6125.0,,165.0,,,71174.0,1511.0
2020-09-23,Airport,906,201761.0,,,,113.0,,0.0,,,792.0,1.0
2020-09-23,Returnee,15,829.0,,,,0.0,,0.0,,,15.0,0.0
2020-09-24,Domestic,79116,1684028.0,,,,5904.0,,166.0,,,71699.0,1519.0
2020-09-24,Airport,910,203299.0,,,,85.0,,0.0,,,824.0,1.0
2020-09-24,Returnee,15,829.0,,,,0.0,,0.0,,,15.0,0.0
2020-09-25,Domestic,79565,1703049.0,,,,5381.0,,163.0,,,72643.0,1531.0
2020-09-25,Airport,917,204829.0,,,,84.0,,0.0,,,832.0,1.0
2020-09-25,Returnee,15,829.0,,,,0.0,,0.0,,,15.0,0.0
2020-09-26,Domestic,80118,1731575.0,,,,5260.0,,156.0,,,73304.0,1539.0
2020-09-26,Airport,922,206423.0,,,,89.0,,0.0,,,832.0,1.0
2020-09-26,Returnee,15,829.0,,,,0.0,,0.0,,,15.0,0.0
2020-09-27,Domestic,80747,1742097.0,,,,5446.0,,160.0,,,73739.0,1544.0
2020-09-27,Airport,928,208323.0,,,,74.0,,0.0,,,853.0,1.0
2020-09-27,Returnee,15,829.0,,,,0.0,,0.0,,,15.0,0.0
2020-09-28,Domestic,81181,1746647.0,,,,5498.0,,159.0,,,74122.0,1547.0
2020-09-28,Airport,935,210497.0,,,,81.0,,0.0,,,853.0,1.0
2020-09-28,Returnee,15,829.0,,,,0.0,,0.0,,,15.0,0.0
2020-09-29,Domestic,81537,1766397.0,,,,5373.0,,161.0,,,74589.0,1556.0
2020-09-29,Airport,942,212703.0,,,,86.0,,0.0,,,855.0,1.0
2020-09-29,Returnee,15,829.0,,,,0.0,,0.0,,,15.0,0.0
2020-09-30,Domestic,82053,1870073.0,,,,5324.0,,151.0,,,75151.0,1563.0
2020-09-30,Airport,942,213992.0,,,,85.0,,0.0,,,859.0,1.0
2020-09-30,Returnee,15,829.0,,,,0.0,,0.0,,,15.0,0.0
2020-10-01,Domestic,82597,1889535.0,,,,5298.0,,151.0,,,75708.0,1570.0
2020-10-01,Airport,951,215599.0,,,,83.0,,0.0,,,867.0,1.0
2020-10-01,Returnee,15,829.0,,,,0.0,,0.0,,,15.0,0.0
2020-10-02,Domestic,83236,1907206.0,,,,5320.0,,145.0,,,76327.0,1577.0
2020-10-02,Airport,964,217727.0,,,,86.0,,0.0,,,877.0,1.0
2020-10-02,Returnee,15,829.0,,,,0.0,,0.0,,,15.0,0.0
2020-10-03,Domestic,83783,1929066.0,,,,5275.0,,137.0,,,76913.0,1589.0
2020-10-03,Airport,970,220189.0,,,,90.0,,0.0,,,879.0,1.0
2020-10-03,Returnee,15,829.0,,,,0.0,,0.0,,,15.0,0.0
2020-10-04,Domestic,84340,1942750.0,,,,5314.0,,133.0,,,77414.0,1596.0
2020-10-04,Airport,984,222552.0,,,,97.0,,0.0,,,886.0,1.0
2020-10-04,Returnee,15,829.0,,,,0.0,,0.0,,,15.0,0.0
2020-10-05,Domestic,84733,1947678.0,,,,5401.0,,131.0,,,77698.0,1598.0
2020-10-05,Airport,991,224528.0,,,,94.0,,0.0,,,896.0,1.0
2020-10-05,Returnee,15,829.0,,,,0.0,,0.0,,,15.0,0.0
2020-10-06,Domestic,85030,1969543.0,,,,5258.0,,140.0,,,78148.0,1601.0
2020-10-06,Airport,1002,226459.0,,,,93.0,,0.0,,,908.0,1.0
2020-10-06,Returnee,15,829.0,,,,0.0,,0.0,,,15.0,0.0
2020-10-07,Domestic,85521,1989978.0,,,,5130.0,,141.0,,,78750.0,1604.0
2020-10-07,Airport,1007,227846.0,,,,95.0,,0.0,,,911.0,1.0
2020-10-07,Returnee,15,829.0,,,,0.0,,0.0,,,15.0,0.0
2020-10-08,Domestic,85992,2011379.0,,,,5056.0,,143.0,,,79301.0,1612.0
2020-10-08,Airport,1013,229421.0,,,,101.0,,0.0,,,911.0,1.0
2020-10-08,Returnee,15,829.0,,,,0.0,,0.0,,,15.0,0.0
2020-10-09,Domestic,86606,2032776.0,,,,5160.0,,141.0,,,79807.0,1615.0
2020-10-09,Airport,1018,231078.0,,,,106.0,,0.0,,,911.0,1.0
2020-10-09,Returnee,15,829.0,,,,0.0,,0.0,,,15.0,0.0
2020-10-10,Domestic,87191,2052473.0,,,,5120.0,,147.0,,,80425.0,1623.0
2020-10-10,Airport,1027,232768.0,,,,110.0,,0.0,,,916.0,1.0
2020-10-10,Returnee,15,829.0,,,,0.0,,0.0,,,15.0,0.0
2020-10-11,Domestic,87858,2063276.0,,,,5292.0,,145.0,,,80893.0,1626.0
2020-10-11,Airport,1039,234940.0,,,,122.0,,0.0,,,916.0,1.0
2020-10-11,Returnee,15,829.0,,,,0.0,,0.0,,,15.0,0.0
2020-10-12,Domestic,88288,2068353.0,,,,5443.0,,146.0,,,81182.0,1628.0
2020-10-12,Airport,1044,236851.0,,,,127.0,,0.0,,,916.0,1.0
2020-10-12,Returnee,15,829.0,,,,0.0,,0.0,,,15.0,0.0
2020-10-13,Domestic,88609,2091588.0,,,,5245.0,,148.0,,,81690.0,1633.0
2020-10-13,Airport,1049,238594.0,,,,132.0,,0.0,,,916.0,1.0
2020-10-13,Returnee,15,829.0,,,,0.0,,0.0,,,15.0,0.0
2020-10-14,Domestic,89070,2111416.0,,,,5162.0,,150.0,,,82223.0,1637.0
2020-10-14,Airport,1055,239986.0,,,,134.0,,0.0,,,920.0,1.0
2020-10-14,Returnee,15,829.0,,,,0.0,,0.0,,,15.0,0.0
2020-10-15,Domestic,89637,2133253.0,,,,5054.0,,146.0,,,82899.0,1645.0
2020-10-15,Airport,1058,241845.0,,,,134.0,,0.0,,,923.0,1.0
2020-10-15,Returnee,15,829.0,,,,0.0,,0.0,,,15.0,0.0
2020-10-16,Domestic,90354,2153990.0,,,,5176.0,,148.0,,,83509.0,1649.0
2020-10-16,Airport,1062,243589.0,,,,134.0,,0.0,,,927.0,1.0
2020-10-16,Returnee,15,829.0,,,,0.0,,0.0,,,15.0,0.0
2020-10-17,Domestic,90979,2174691.0,,,,5205.0,,148.0,,,84088.0,1660.0
2020-10-17,Airport,1069,245523.0,,,,141.0,,0.0,,,927.0,1.0
2020-10-17,Returnee,15,829.0,,,,0.0,,0.0,,,15.0,0.0
2020-10-18,Domestic,91560,2184587.0,,,,5326.0,,145.0,,,84535.0,1669.0
2020-10-18,Airport,1081,248249.0,,,,145.0,,0.0,,,935.0,1.0
2020-10-18,Returnee,15,829.0,,,,0.0,,0.0,,,15.0,0.0
2020-10-19,Domestic,92023,2189710.0,,,,5375.0,,144.0,,,84961.0,1673.0
2020-10-19,Airport,1089,250611.0,,,,123.0,,0.0,,,965.0,1.0
2020-10-19,Returnee,15,829.0,,,,0.0,,0.0,,,15.0,0.0
2020-10-20,Domestic,92373,2211630.0,,,,5174.0,,143.0,,,85518.0,1675.0
2020-10-20,Airport,1092,253054.0,,,,111.0,,0.0,,,980.0,1.0
2020-10-20,Returnee,15,829.0,,,,0.0,,0.0,,,15.0,0.0
2020-10-21,Domestic,92819,2227116.0,,,,5031.0,,150.0,,,86100.0,1678.0
2020-10-21,Airport,1099,254540.0,,,,106.0,,0.0,,,992.0,1.0
2020-10-21,Returnee,15,829.0,,,,0.0,,0.0,,,15.0,0.0
2020-10-22,Domestic,93405,2249260.0,,,,5037.0,,150.0,,,86648.0,1684.0
2020-10-22,Airport,1104,256307.0,,,,100.0,,0.0,,,1003.0,1.0
2020-10-22,Returnee,15,829.0,,,,0.0,,0.0,,,15.0,0.0
2020-10-23,Domestic,94014,2272678.0,,,,5067.0,,151.0,,,87227.0,1693.0
2020-10-23,Airport,1109,258464.0,,,,105.0,,0.0,,,1003.0,1.0
2020-10-23,Returnee,15,829.0,,,,0.0,,0.0,,,15.0,0.0
2020-10-24,Domestic,94706,2295558.0,,,,5216.0,,155.0,,,87765.0,1705.0
2020-10-24,Airport,1114,260827.0,,,,106.0,,0.0,,,1007.0,1.0
2020-10-24,Returnee,15,829.0,,,,0.0,,0.0,,,15.0,0.0
2020-10-25,Domestic,95392,2308769.0,,,,5436.0,,159.0,,,88237.0,1710.0
2020-10-25,Airport,1127,263897.0,,,,96.0,,0.0,,,1030.0,1.0
2020-10-25,Returnee,15,829.0,,,,0.0,,0.0,,,15.0,0.0
2020-10-26,Domestic,95924,2314196.0,,,,5503.0,,162.0,,,88658.0,1717.0
2020-10-26,Airport,1135,266431.0,,,,98.0,,0.0,,,1036.0,1.0
2020-10-26,Returnee,15,829.0,,,,0.0,,0.0,,,15.0,0.0
2020-10-27,Domestic,96340,2336798.0,,,,5499.0,,165.0,,,89092.0,1724.0
2020-10-27,Airport,1143,268572.0,,,,101.0,,0.0,,,1041.0,1.0
2020-10-27,Returnee,15,829.0,,,,0.0,,0.0,,,15.0,0.0
2020-10-28,Domestic,96958,2362512.0,,,,5446.0,,166.0,,,89746.0,1729.0
2020-10-28,Airport,1143,270262.0,,,,96.0,,0.0,,,1046.0,1.0
2020-10-28,Returnee,15,829.0,,,,0.0,,0.0,,,15.0,0.0
2020-10-29,Domestic,97687,2385576.0,,,,5642.0,,161.0,,,90251.0,1732.0
2020-10-29,Airport,1150,272181.0,,,,93.0,,0.0,,,1056.0,1.0
2020-10-29,Returnee,15,829.0,,,,0.0,,0.0,,,15.0,0.0
2020-10-30,Domestic,98453,2406080.0,,,,5848.0,,156.0,,,90811.0,1743.0
2020-10-30,Airport,1154,274758.0,,,,89.0,,0.0,,,1064.0,1.0
2020-10-30,Returnee,15,829.0,,,,0.0,,0.0,,,15.0,0.0
2020-10-31,Domestic,99214,2427862.0,,,,6012.0,,161.0,,,91392.0,1754.0
2020-10-31,Airport,1163,277477.0,,,,94.0,,0.0,,,1068.0,1.0
2020-10-31,Returnee,15,829.0,,,,0.0,,0.0,,,15.0,0.0
2020-11-01,Domestic,99959,2439260.0,,,,6246.0,,160.0,,,91877.0,1765.0
2020-11-01,Airport,1172,281216.0,,,,103.0,,0.0,,,1068.0,1.0
2020-11-01,Returnee,15,829.0,,,,0.0,,0.0,,,15.0,0.0
2020-11-02,Domestic,100618,2445474.0,,,,6474.0,,163.0,,,92300.0,1773.0
2020-11-02,Airport,1180,284221.0,,,,111.0,,0.0,,,1068.0,1.0
2020-11-02,Returnee,15,829.0,,,,0.0,,0.0,,,15.0,0.0
2020-11-03,Domestic,101078,2467009.0,,,,6469.0,,163.0,,,92760.0,1779.0
2020-11-03,Airport,1188,287608.0,,,,107.0,,0.0,,,1080.0,1.0
2020-11-03,Returnee,15,829.0,,,,0.0,,0.0,,,15.0,0.0
2020-11-04,Domestic,101693,2474486.0,,,,6634.0,,165.0,,,93192.0,1785.0
2020-11-04,Airport,1192,288777.0,,,,103.0,,0.0,,,1088.0,1.0
2020-11-04,Returnee,15,829.0,,,,0.0,,0.0,,,15.0,0.0
2020-11-05,Domestic,102619,2496326.0,,,,6707.0,,183.0,,,94003.0,1793.0
2020-11-05,Airport,1204,290388.0,,,,108.0,,0.0,,,1095.0,1.0
2020-11-05,Returnee,15,829.0,,,,0.0,,0.0,,,15.0,0.0
2020-11-06,Domestic,103558,2525859.0,,,,7075.0,,189.0,,,94637.0,1805.0
2020-11-06,Airport,1209,291995.0,,,,104.0,,0.0,,,1104.0,1.0
2020-11-06,Returnee,15,829.0,,,,0.0,,0.0,,,15.0,0.0
2020-11-07,Domestic,104682,2554096.0,,,,7501.0,,194.0,,,95330.0,1808.0
2020-11-07,Airport,1217,291443.0,,,,100.0,,0.0,,,1116.0,1.0
2020-11-07,Returnee,15,829.0,,,,0.0,,0.0,,,15.0,0.0
2020-11-08,Domestic,105827,2567556.0,,,,7904.0,,196.0,,,96057.0,1811.0
2020-11-08,Airport,1244,293163.0,,,,118.0,,0.0,,,1125.0,1.0
2020-11-08,Returnee,15,829.0,,,,0.0,,0.0,,,15.0,0.0
2020-11-09,Domestic,106806,2575560.0,,,,8346.0,,204.0,,,96511.0,1817.0
2020-11-09,Airport,1263,294737.0,,,,134.0,,0.0,,,1128.0,1.0
2020-11-09,Returnee,15,829.0,,,,0.0,,0.0,,,15.0,0.0
2020-11-10,Domestic,107696,2601036.0,,,,8702.0,,208.0,,,97114.0,1828.0
2020-11-10,Airport,1272,296556.0,,,,126.0,,0.0,,,1145.0,1.0
2020-11-10,Returnee,15,829.0,,,,0.0,,0.0,,,15.0,0.0
2020-11-11,Domestic,108865,2626215.0,,,,9048.0,,204.0,,,97932.0,1840.0
2020-11-11,Airport,1276,297511.0,,,,114.0,,0.0,,,1161.0,1.0
2020-11-11,Returnee,15,829.0,,,,0.0,,0.0,,,15.0,0.0
2020-11-12,Domestic,110409,2659896.0,,,,9676.0,,226.0,,,98819.0,1850.0
2020-11-12,Airport,1287,298849.0,,,,115.0,,0.0,,,1171.0,1.0
2020-11-12,Returnee,15,829.0,,,,0.0,,0.0,,,15.0,0.0
2020-11-13,Domestic,111970,2689808.0,,,,10243.0,,231.0,,,99824.0,1866.0
2020-11-13,Airport,1313,300427.0,,,,133.0,,0.0,,,1179.0,1.0
2020-11-13,Returnee,15,829.0,,,,0.0,,0.0,,,15.0,0.0
2020-11-14,Domestic,113649,2713846.0,,,,10923.0,,234.0,,,100789.0,1879.0
2020-11-14,Airport,1319,301670.0,,,,133.0,,0.0,,,1185.0,1.0
2020-11-14,Returnee,15,829.0,,,,0.0,,0.0,,,15.0,0.0
2020-11-15,Domestic,115327,2730497.0,,,,11759.0,,243.0,,,101632.0,1882.0
2020-11-15,Airport,1335,303998.0,,,,144.0,,0.0,,,1190.0,1.0
2020-11-15,Returnee,15,829.0,,,,0.0,,0.0,,,15.0,0.0
2020-11-16,Domestic,116774,2739624.0,,,,12358.0,,251.0,,,102454.0,1884.0
2020-11-16,Airport,1347,305471.0,,,,141.0,,0.0,,,1205.0,1.0
2020-11-16,Returnee,15,829.0,,,,0.0,,0.0,,,15.0,0.0
2020-11-17,Domestic,117960,2769733.0,,,,12564.0,,272.0,,,103406.0,1902.0
2020-11-17,Airport,1351,307137.0,,,,134.0,,0.0,,,1216.0,1.0
2020-11-17,Returnee,15,829.0,,,,0.0,,0.0,,,15.0,0.0
2020-11-18,Domestic,119441,2797367.0,,,,12978.0,,276.0,,,104464.0,1912.0
2020-11-18,Airport,1359,308363.0,,,,140.0,,0.0,,,1218.0,1.0
2020-11-18,Returnee,15,829.0,,,,0.0,,0.0,,,15.0,0.0
2020-11-19,Domestic,121580,2831997.0,,,,13833.0,,280.0,,,105701.0,1921.0
2020-11-19,Airport,1371,309838.0,,,,132.0,,0.0,,,1238.0,1.0
2020-11-19,Returnee,15,829.0,,,,0.0,,0.0,,,15.0,0.0
2020-11-20,Domestic,123867,2869807.0,,,,14708.0,,291.0,,,107148.0,1942.0
2020-11-20,Airport,1385,311568.0,,,,124.0,,0.0,,,1260.0,1.0
2020-11-20,Returnee,15,829.0,,,,0.0,,0.0,,,15.0,0.0
2020-11-21,Domestic,126256,2911577.0,,,,15627.0,,313.0,,,108608.0,1962.0
2020-11-21,Airport,1394,313261.0,,,,124.0,,0.0,,,1269.0,1.0
2020-11-21,Returnee,15,829.0,,,,0.0,,0.0,,,15.0,0.0
2020-11-22,Domestic,128750,2936501.0,,,,16822.0,,323.0,,,109870.0,1973.0
2020-11-22,Airport,1414,315193.0,,,,135.0,,0.0,,,1278.0,1.0
2020-11-22,Returnee,15,829.0,,,,0.0,,0.0,,,15.0,0.0
2020-11-23,Domestic,130917,2956890.0,,,,17878.0,,331.0,,,110970.0,1980.0
2020-11-23,Airport,1426,316935.0,,,,141.0,,0.0,,,1284.0,1.0
2020-11-23,Returnee,15,829.0,,,,0.0,,0.0,,,15.0,0.0
2020-11-24,Domestic,132479,2966450.0,,,,18392.0,,345.0,,,112012.0,1988.0
2020-11-24,Airport,1435,319044.0,,,,121.0,,0.0,,,1313.0,1.0
2020-11-24,Returnee,15,829.0,,,,0.0,,0.0,,,15.0,0.0
2020-11-25,Domestic,133939,3010223.0,,,,18388.0,,376.0,,,113394.0,2000.0
2020-11-25,Airport,1446,320340.0,,,,129.0,,0.0,,,1316.0,1.0
2020-11-25,Returnee,15,829.0,,,,0.0,,0.0,,,15.0,0.0
2020-11-26,Domestic,135787,3051275.0,,,,18565.0,,410.0,,,115032.0,2021.0
2020-11-26,Airport,1459,321959.0,,,,127.0,,0.0,,,1331.0,1.0
2020-11-26,Returnee,15,829.0,,,,0.0,,0.0,,,15.0,0.0
2020-11-27,Domestic,138011,3093909.0,,,,19105.0,,435.0,,,116778.0,2050.0
2020-11-27,Airport,1465,323782.0,,,,122.0,,0.0,,,1342.0,1.0
2020-11-27,Returnee,15,829.0,,,,0.0,,0.0,,,15.0,0.0
2020-11-28,Domestic,140568,3137260.0,,,,19508.0,,440.0,,,118998.0,2073.0
2020-11-28,Airport,1485,325583.0,,,,138.0,,0.0,,,1346.0,1.0
2020-11-28,Returnee,15,829.0,,,,0.0,,0.0,,,15.0,0.0
2020-11-29,Domestic,143139,3159567.0,,,,20992.0,,462.0,,,120530.0,2105.0
2020-11-29,Airport,1499,328270.0,,,,152.0,,0.0,,,1346.0,1.0
2020-11-29,Returnee,15,829.0,,,,0.0,,0.0,,,15.0,0.0
2020-11-30,Domestic,145231,3171542.0,,,,20914.0,,472.0,,,122072.0,2118.0
2020-11-30,Airport,1514,330165.0,,,,155.0,,0.0,,,1358.0,1.0
2020-11-30,Returnee,15,829.0,,,,0.0,,0.0,,,15.0,0.0
2020-12-01,Domestic,147155,3212877.0,,,,20900.0,,493.0,,,124088.0,2138.0
2020-12-01,Airport,1524,332210.0,,,,156.0,,0.0,,,1367.0,1.0
2020-12-01,Returnee,15,829.0,,,,0.0,,0.0,,,15.0,0.0
2020-12-02,Domestic,148837,3257166.0,,,,20601.0,,488.0,,,125897.0,2171.0
2020-12-02,Airport,1534,333602.0,,,,141.0,,0.0,,,1392.0,1.0
2020-12-02,Returnee,15,829.0,,,,0.0,,0.0,,,15.0,0.0
2020-12-03,Domestic,151263,3300402.0,,,,21044.0,,497.0,,,127814.0,2212.0
2020-12-03,Airport,1549,335281.0,,,,136.0,,0.0,,,1412.0,1.0
2020-12-03,Returnee,15,829.0,,,,0.0,,0.0,,,15.0,0.0
2020-12-04,Domestic,153658,3337225.0,,,,21567.0,,505.0,,,129740.0,2239.0
2020-12-04,Airport,1559,337190.0,,,,137.0,,0.0,,,1421.0,1.0
2020-12-04,Returnee,15,829.0,,,,0.0,,0.0,,,15.0,0.0
2020-12-05,Domestic,156093,3375370.0,,,,21739.0,,520.0,,,131995.0,2282.0
2020-12-05,Airport,1566,338931.0,,,,132.0,,0.0,,,1433.0,1.0
2020-12-05,Returnee,15,829.0,,,,0.0,,0.0,,,15.0,0.0
2020-12-06,Domestic,158500,3397683.0,,,,22249.0,,519.0,,,133820.0,2314.0
2020-12-06,Airport,1583,341634.0,,,,140.0,,0.0,,,1442.0,1.0
2020-12-06,Returnee,15,829.0,,,,0.0,,0.0,,,15.0,0.0
2020-12-07,Domestic,160452,3415295.0,,,,22535.0,,530.0,,,135434.0,2334.0
2020-12-07,Airport,1600,344181.0,,,,145.0,,0.0,,,1454.0,1.0
2020-12-07,Returnee,15,829.0,,,,0.0,,0.0,,,15.0,0.0
2020-12-08,Domestic,162298,3453032.0,,,,22187.0,,536.0,,,137516.0,2381.0
2020-12-08,Airport,1616,346828.0,,,,152.0,,0.0,,,1463.0,1.0
2020-12-08,Returnee,15,829.0,,,,0.0,,0.0,,,15.0,0.0
2020-12-09,Domestic,164203,3493092.0,,,,22412.0,,555.0,,,139124.0,2419.0
2020-12-09,Airport,1622,348603.0,,,,138.0,,0.0,,,1483.0,1.0
2020-12-09,Returnee,15,829.0,,,,0.0,,0.0,,,15.0,0.0
2020-12-10,Domestic,166928,3547649.0,,,,22683.0,,543.0,,,141494.0,2464.0
2020-12-10,Airport,1630,350491.0,,,,132.0,,0.0,,,1497.0,1.0
2020-12-10,Returnee,15,829.0,,,,0.0,,0.0,,,15.0,0.0
2020-12-11,Domestic,169890,3592261.0,,,,23646.0,,554.0,,,143491.0,2501.0
2020-12-11,Airport,1637,352740.0,,,,128.0,,0.0,,,1508.0,1.0
2020-12-11,Returnee,15,829.0,,,,0.0,,0.0,,,15.0,0.0
2020-12-12,Domestic,172638,3646095.0,,,,23867.0,,578.0,,,145987.0,2533.0
2020-12-12,Airport,1646,354630.0,,,,123.0,,0.0,,,1522.0,1.0
2020-12-12,Returnee,15,829.0,,,,0.0,,0.0,,,15.0,0.0
